Country,1965,1966,1967,1968,1969,1970,1971,1972,1973,1974,1975,1976,1977,1978,1979,1980,1981,1982,1983,1984,1985,1986,1987,1988,1989,1990,1991,1992,1993,1994,1995,1996,1997,1998,1999,2000,2001,2002,2003,2004,2005,2006,2007,2008,2009,2010,2011,2012,2013,2014,2015,2016,2017,2018,2019
Canada,0.0,0.0,0.0,0.0,0.0,0.0,0.0,0.0,0.0,0.0,0.0,0.00707,0.01069,0.011320000000000002,0.01345,0.013,0.01898,0.021390000000000003,0.02085,0.023370000000000005,0.01678,0.01866,0.023129999999999998,0.02486,0.034780000000000005,0.039559191919191924,0.03985919191919192,0.045260526319999994,0.04878052632000001,0.057940526320000005,0.0720070790761281,0.07596409537285308,0.08237166888359386,0.0905935898575196,0.09118411329679404,0.09197463354355935,0.09955658485083316,0.10338694566638974,0.09935274222553667,0.1048955279919544,0.10385339300466354,0.10977807229394237,0.11471949763815785,0.11216021800945045,0.14821174559631392,0.18093376205712258,0.1956716808554089,0.21425848147890372,0.21825407566149746,0.22658764005386334,0.36290661833561144,0.41250572175759426,0.4135041385645933,0.42123298522622343,0.43944156560784065
Mexico,0.0,0.0,0.0,0.0,0.0,0.0,0.0,0.0,0.0016100000000000003,0.0046300000000000004,0.00518,0.005789999999999999,0.00592,0.005979999999999998,0.010190000000000001,0.00915,0.009640000000000001,0.012960000000000003,0.01353,0.014240000000000001,0.01641,0.03394,0.044180000000000004,0.046329999999999996,0.04675,0.05126,0.058355124753775446,0.06369522980958635,0.06504760669730796,0.062285254000069123,0.06426443480664892,0.06196555154300723,0.05901246224556797,0.06160586031724091,0.06084001313197636,0.06384645108338804,0.06232760051504635,0.060213499120334184,0.06842544989880713,0.07105080594903583,0.07907116635569619,0.07257768478301882,0.08134735404206243,0.07764187507378878,0.07716509705179007,0.08181426974901833,0.08448814726743893,0.09753282183284831,0.10703368156831305,0.12628300216868238,0.14964991188363058,0.16258568387573924,0.17583117998390316,0.2081472787358009,0.33686388753943736
US,0.13332232095652646,0.14062006895272863,0.1407357074264804,0.15546045096175942,0.1622706037653718,0.1623590253395494,0.16584413973581333,0.18672978440292398,0.19989691771854276,0.20404264805821332,0.19754301961701326,0.22564753541853655,0.23536121862459236,0.24678786657309668,0.2575603724229939,0.2665611631812324,0.2737760327329065,0.2640504894535597,0.29810294113669267,0.35607182700809914,0.36409451999645986,0.3872007725117736,0.42679612973772685,0.4240412691621631,0.5124077698564593,0.6064687788942051,0.6401077461672079,0.6814094648174128,0.7043607446512936,0.7033865844460963,0.6697576619867789,0.6863403758106347,0.6967402688649227,0.6919804372155645,0.7152939390906373,0.7275109334524501,0.737282874616758,0.8178079315080495,0.8164243300570435,0.8471533221292936,0.8844698966994992,0.9696198597428761,1.0496074165055318,1.245922329222094,1.4154226256739182,1.6302780024872816,1.8836218761407681,2.1171236864668455,2.453901772405336,2.718971015809527,2.8761042534518086,3.326420841901415,3.759563765741627,4.040853131581745,4.366268398623638
Argentina,0.0,0.0,0.0,0.0,0.0,0.00047540991253644326,0.0004986461370262391,0.0006435315192743763,0.0004904243440233237,0.0005006767142857143,0.0005492264150943396,0.0005020279154518952,0.0005385510781671159,0.000541366620879121,0.0008439376339285715,0.0008625156794425088,0.0007472249999999999,0.0009591246543778802,0.0013731478405315618,0.0009739279181184668,0.0010332161428571432,0.001070789208074534,0.0010815682330827068,0.001211160473515249,0.0011937690789473685,0.0010676328373015872,0.0009960040431266847,0.001018654945054945,0.001074384027777778,0.0011929003759398498,0.0011559245729813668,0.0036101549206349207,0.004602240499999999,0.004964392030075188,0.006852621428571428,0.007098083101045295,0.006544523836937176,0.009117819199657057,0.01071096957234691,0.009480260943564198,0.011096117441538723,0.015753614347661423,0.015657738822144173,0.01649388619477358,0.016675713425318536,0.019136191589050368,0.020696145599990917,0.02625903371040956,0.02696651733624642,0.026912060991911117,0.027196447250546384,0.022859835403064886,0.027104746569370473,0.03590722347426504,0.07303531694488544
Brazil,0.0,0.0,0.0,0.0,0.0,0.005146915000000002,0.006333952500000002,0.007165701875,0.007508003750000001,0.007851518,0.008671775750000001,0.00864337725,0.011168454625,0.013319440750000003,0.017760194000000003,0.018055082625,0.018736228750000004,0.021784744749999994,0.02984454949999999,0.028516788875000008,0.03067125588592233,0.031939324238673135,0.03565697314724919,0.03339783794093851,0.034031623385113265,0.03859062500000001,0.039996125625,0.049293607379452056,0.04983937033224442,0.05388223648777488,0.05593740488958306,0.06754709628222037,0.07382950998212703,0.07510233012160117,0.08378002280958721,0.07856363,0.0896670111038961,0.10154409584567284,0.1172555025,0.1221666575054786,0.13250806389900396,0.14513502041485182,0.17906953535995576,0.19927306628450908,0.2277421256367255,0.3202574735059006,0.32963859067917334,0.3784816716124195,0.4382851126884028,0.5433379633427803,0.6517521358135312,0.7687012614561678,0.865054592868645,0.9512735669088008,1.0487792027733427
Chile,0.0,0.0,0.0,0.0,0.0,0.0,0.0006600000000000001,0.0005700000000000001,0.00051,0.00046,0.00051,0.0007300000000000001,0.0008,0.0009099999999999999,0.00094,0.0010500000000000002,0.0011,0.0013700000000000003,0.0020800000000000007,0.00201,0.00195,0.0028000000000000004,0.00271,0.0032700000000000003,0.0032100000000000006,0.009630000000000001,0.01033,0.01743,0.0175,0.01786,0.018789999999999998,0.01738,0.01743,0.01161,0.0145,0.01375,0.01679025974025974,0.01764929032258064,0.016692692307692304,0.019841273885350313,0.017401329113924044,0.013837358490566033,0.02588759999999999,0.03446153427130436,0.03277879589177777,0.0350849015591411,0.04339995893451222,0.05927035801632936,0.06864573880626504,0.06313958346449111,0.08233656663482126,0.10614324465671553,0.134737360056723,0.15983460408137007,0.19248483169176514
Colombia,0.0,0.0,0.0,0.0,0.0,0.0,0.0,0.0,0.0,0.0,0.00189,0.00202,0.00192,0.00206,0.00216,0.00227,0.00212,0.00231,0.0023400000000000005,0.0025499999999999997,0.00267,0.00266,0.0026800000000000005,0.0027400000000000007,0.0027400000000000007,0.0027400000000000007,0.0026900000000000006,0.0034,0.0038900000000000007,0.00444,0.00477,0.00496,0.00483,0.00532,0.00457,0.004978350136986301,0.004954306412337662,0.004892557499999999,0.00491762596153846,0.005135164591222406,0.005442260838607593,0.005607185170475936,0.005326574281729694,0.005352790445772702,0.010020509444699016,0.010780889117819827,0.013244386006145768,0.014195741404366675,0.012941021328351603,0.016483260898907705,0.01722413508447172,0.018511113995697,0.017948976327713556,0.01956311940040012,0.019880262122647565
Ecuador,0.0,0.0,0.0,0.0,0.0,0.0,0.0,0.0,0.0,0.0,0.0,0.0,0.0,0.0,0.0,0.0,0.0,0.0,0.0,0.0,0.0,0.0,0.0,0.0,0.0,0.0,0.0,0.0,0.0,0.0,0.0,0.0,0.0,0.0,0.0,0.0,0.0,0.0,0.0,3.158007707006369e-05,0.0009961333517905058,0.0014007737341211316,0.0021011972714999995,0.002005474678881987,0.0020752475380677766,0.002243343488464048,0.002627151431697986,0.002773261958153998,0.0032826289296822267,0.004541409628998679,0.004941674981697853,0.0055452094093294034,0.00487557,0.004887989840066842,0.006299815646309413
Peru,0.0,0.0,0.0,0.0,0.0,0.0,0.00227,0.00227,0.0023,0.00266,0.00266,0.0024500000000000004,0.00242,0.00215,0.0016300000000000004,0.00085,0.0007599999999999999,0.0015100000000000003,0.00145,0.0014200000000000003,0.00169,0.0015400000000000001,0.00136,0.00136,0.00145,0.00136,0.00133,0.00133,0.00109,0.00119,0.0014200000000000003,0.0013740000000000004,0.001546,0.001265,0.001396,0.001588,0.0016313376623376626,0.0018478451612903225,0.001934076923076923,0.001502713375796178,0.003381493670886075,0.0033602264150943387,0.003999037499999999,0.004382832298136644,0.004355777777777775,0.006328380368098155,0.006308451219512191,0.006758890909090904,0.01067405421686746,0.01601277844311376,0.015770196999807515,0.017553657473089068,0.021529994498999998,0.031248015337782858,0.03585424865149468
Trinidad & Tobago,0.0,0.0,0.0,0.0,0.0,0.0,0.00035000000000000005,0.00035000000000000005,0.00029,0.00025,0.00023,0.00018999999999999998,0.00023,0.00029,0.00029,0.0002600000000000001,0.00018999999999999998,0.00018,0.00016,0.00013000000000000004,0.00017,0.0002600000000000001,0.00031,0.00027,0.0002600000000000001,0.00031,0.00025,0.0003,0.00028000000000000003,0.00032,0.00033000000000000005,0.00017,0.00018,0.00018,0.00018,0.00020127,0.00029442564935064933,0.0002661706451612903,0.00013238423076923075,0.00024533598726114643,0.00023568778481012647,0.00027603509433962254,0.00020923706249999986,0.00021980683229813654,0.0002128305555555554,3.7583558282208565e-05,3.735439024390241e-05,3.7127999999999974e-05,3.690433734939755e-05,4.1117604790419134e-05,4.691089285714282e-05,4.6633313609467414e-05,4.6359e-05,4.178412933000608e-05,4.1630070680284636e-05
Venezuela,0.0,0.0,0.0,0.0,0.0,0.0,0.0,0.0,0.0,0.0,0.0,0.0,0.0,0.0,0.0,0.0,0.0,0.0,0.0,0.0,0.0,0.0,0.0,0.0,0.0,0.0,0.0,0.0,0.0,0.0,0.0,0.0,0.0,0.0,0.0,0.0,0.0,0.0,0.0,0.0,0.0,0.0,0.0,0.0,0.0,2.3090797546012255e-05,2.7801219512195103e-05,4.8403636363636323e-05,4.928551278283864e-05,6.182120636775225e-05,9.148013937282223e-05,9.085401039746617e-05,9.007280024698978e-05,7.959649657038337e-05,0.0014236125532107904
Central America,0.0,0.0,0.0,0.0,0.0,0.0,0.0010700000000000002,0.0014099999999999998,0.00117,0.0015600000000000002,0.00338,0.00724,0.006990000000000001,0.007520000000000001,0.00642,0.006821052631578947,0.011091052631578946,0.011981052631578948,0.010261052631578947,0.012371052631578948,0.0093699,0.0086075,0.009105160000000001,0.00883962,0.01171867,0.012207556315789474,0.013350639157894736,0.018216531736842106,0.017220100210526317,0.016930572210526317,0.01750838894736842,0.01762015658487905,0.019265448341578947,0.016785293609942107,0.025133575170384212,0.02980610943495169,0.03211776395711919,0.035345610218847495,0.037040256652824705,0.0387455404276681,0.04066095029657037,0.04395624415950958,0.04778253053965686,0.048635768601298424,0.05399339056510643,0.06149582238188421,0.06384795278638282,0.0750929714348314,0.08099460691522078,0.09200826304538567,0.10801807774994462,0.12097282632018419,0.11985355187125532,0.14041318722392396,0.14918576521315555
Other Caribbean,0.0,0.0,0.0,0.0,0.0,0.0,0.0097,0.008310000000000001,0.009780000000000002,0.009840000000000002,0.01012,0.01103,0.011930000000000001,0.013390000000000003,0.012890000000000002,0.012920000000000001,0.013080000000000001,0.014060000000000001,0.015150000000000002,0.01289,0.012090000000000002,0.012660000000000005,0.013040000000000001,0.014220000000000002,0.013890000000000001,0.01603842105263158,0.01367842105263158,0.014700000000000001,0.010657171717171716,0.01138777777777778,0.009587777777777777,0.012295367169590643,0.011870215279797978,0.01049598632888889,0.012286559098001063,0.013751801359347938,0.013087765881897459,0.012282164787625515,0.010103454552142791,0.011193739386156105,0.008427258941201395,0.008504763982769262,0.009612284834488989,0.010412616368698377,0.01104742937824462,0.010806499212013779,0.012249160248016583,0.017613602611662824,0.021916705069958933,0.022450810856772682,0.02497216070219345,0.026322373310324828,0.029860758833684435,0.030920355810828814,0.03890898460466796
Other South America,0.0,0.0,0.0,0.0,0.0,0.0,0.0005600000000000001,0.00059,0.0006100000000000001,0.00066,0.00063,0.00072,0.00074,0.0005600000000000001,0.00079,0.00084,0.0008900000000000001,0.00091,0.0007500000000000001,0.0008000000000000001,0.0009500000000000001,0.00097,0.0011,0.00107,0.0009500000000000001,0.0011099999999999999,0.0011189473684210527,0.0012384210526315792,0.0013357894736842103,0.0011984210526315789,0.0012163157894736843,0.0011957894736842104,0.0011578947368421054,0.0012878947368421053,0.0013478947368421054,0.0018674400000000002,0.0018753825974025975,0.001883291806451613,0.001861705961538461,0.0017657759235668786,0.0017277960759493666,0.001795046037735848,0.0028491373115880477,0.010150286087862804,0.01118441333423402,0.012938637990473999,0.013916259642290419,0.01596386464282048,0.018103968528910275,0.029335922794251318,0.04685057710022259,0.05591611390820678,0.06414429498863006,0.07454838714696488,0.07567396640472901
Austria,0.0,0.0,0.0,0.0,0.0,0.0,0.0,0.0,0.0,0.0,0.0,0.0,0.0,0.0,0.0,0.0,0.0,0.0,0.0,0.0,0.0,0.01287501,0.00905816,0.0104696,0.0110445,0.01142485,0.012258320000000001,0.013291639999998916,0.013621110000000033,0.012115550000000001,0.01859221,0.015954440000000004,0.017333889999999994,0.01889777,0.016499118188815172,0.0159827932,0.01832832701298701,0.017100898838709674,0.02052672519230769,0.029252528025477707,0.03669530183384312,0.048235245880480324,0.05855147642128691,0.06028467474132225,0.05931995692446569,0.062102577572069315,0.06182560514534602,0.06868817764679355,0.07708515376523035,0.08215559672010009,0.09363042304812988,0.09978570655116525,0.114852740148,0.11024634249894737,0.12100094246550024
Belgium,0.0,0.0,0.0,0.0,0.0,0.0,0.0,0.0,0.00116,0.00108,0.0008300000000000001,0.0005700000000000001,0.0024700000000000004,0.0026,0.00315,0.003,0.0029100000000000003,0.00046,0.00021999999999999998,0.00024,0.00053,0.00119,0.0014800000000000002,0.00188,0.0019800000000000004,0.0028900000000000006,0.0030699999999999994,0.00276,0.0025300000000000006,0.00254,0.0033000000000000004,0.0032200000000000006,0.0028300000000000005,0.0036999999999999993,0.00509,0.0058400000000000014,0.006298831168831168,0.0076796129032258055,0.009268269230769227,0.011499363057324838,0.017604683544303792,0.024951509433962252,0.029615062499999987,0.03808844720496893,0.04827055555555553,0.05803137938650303,0.07632212817073167,0.09366468054545446,0.10408258192771075,0.10970832934131729,0.12926587499999986,0.12658984615384603,0.1403829,0.15064952631578946,0.1658607857462776
Bulgaria,0.0,0.0,0.0,0.0,0.0,0.0,0.0,0.0,0.0,0.0,0.0,0.0,0.0,0.0,0.0,0.0,0.0,0.0,0.0,0.0,0.0,0.0,0.0,0.0,0.0,0.0,0.0,0.0,0.0,0.0,0.0,0.0,0.0,0.0,0.0,0.0,0.0,0.0,0.0,9.745222929936305e-06,4.841772151898733e-05,0.0001924528301886792,0.0004494374999999998,0.0013114285714285706,0.002342222222222221,0.006861533742331286,0.009497195121951213,0.019481999999999985,0.026237776445783116,0.025504202155688598,0.028279363392857117,0.028650055739644943,0.029727089999999998,0.03716044315789473,0.038259571797075224
Croatia,0.0,0.0,0.0,0.0,0.0,0.0,0.0,0.0,0.0,0.0,0.0,0.0,0.0,0.0,0.0,0.0,0.0,0.0,0.0,0.0,0.0,0.0,0.0,0.0,0.0,0.0,0.0,6e-05,0.00018999999999999998,6e-05,5e-05,0.0001,2e-05,5e-05,2e-05,1e-05,0.0,0.0,0.0,5.847133757961783e-05,0.00023240506329113918,0.00028867924528301874,0.00040162499999999986,0.0005796894409937886,0.000746266604444444,0.0016146330669938643,0.0023884462799999982,0.003940909090909088,0.0060213238389758995,0.00852035928143712,0.010190892857142848,0.013679467455621288,0.0162747,0.018614105263157894,0.02116328312119574
Cyprus,0.0,0.0,0.0,0.0,0.0,0.0,0.0,0.0,0.0,0.0,0.0,0.0,0.0,0.0,0.0,0.0,0.0,0.0,0.0,0.0,0.0,0.0,0.0,0.0,0.0,0.0,0.0,0.0,0.0,0.0,0.0,0.0,0.0,0.0,0.0,0.0,0.0,0.0,0.0,7.357643312101911e-06,8.918544303797465e-06,1.4549433962264147e-05,3.336356249999999e-05,0.00014592968944099373,0.0002961399999999998,0.00068521472392638,0.00166060975609756,0.002383090909090907,0.0030139156626506,0.0029134131736526926,0.003640598571428568,0.0038445459763313573,0.0039169800000000005,0.004149789473684211,0.004579494961081524
Czech Republic,0.0,0.0,0.0,0.0,0.0,0.0,0.0,0.0,0.0,0.0,0.0,0.0,0.0,0.0,0.0,0.0,0.0,0.0,0.0,0.0,0.0,0.0,0.0,0.0,0.0,0.0,0.0,0.0,0.00221,0.0030900000000000003,0.00405,0.0029200000000000003,0.004940000000000001,0.00587,0.006830000000000001,0.00517,0.005108610389610389,0.004892051612903225,0.004844019230769229,0.005757779808917196,0.006484682278481011,0.009256211320754715,0.012566760187499994,0.016289501366459617,0.021145109999999988,0.029074139447852743,0.04869998396341461,0.055189594363636324,0.06031489499999995,0.06651810592814365,0.06947005982142851,0.06694474260355024,0.06974075699999999,0.06957640105263156,0.07048332322818518
Denmark,0.0,0.0,0.0,0.0,0.0,0.0,0.0,0.0,0.0,0.0,0.0,0.0,0.0,3e-05,6e-05,0.00010499999999999999,0.00010499999999999999,0.00018499999999999994,0.0006010000000000001,0.000662,0.000874,0.0017660000000000002,0.002348,0.0037170000000000003,0.0055439999999999994,0.008203,0.010951,0.014364000000000002,0.017622,0.017103997093737,0.018241404554852434,0.02059244301068392,0.029101868486071887,0.03898456976015417,0.043487895301634584,0.05542005559668148,0.05780994376872463,0.06670149478703095,0.07900737887996041,0.09253775958879407,0.09480587457088771,0.08833701883351322,0.09829062575108172,0.09570571454659432,0.09486479392438202,0.11648194018404902,0.13214291768292674,0.13742001515151506,0.14704884789156616,0.16468912874251485,0.17246973065476176,0.1669283565088756,0.197092925,0.1869857204868064,0.210031304145129
Estonia,0.0,0.0,0.0,0.0,0.0,0.0,0.0,0.0,0.0,0.0,0.0,0.0,0.0,0.0,0.0,0.0,0.0,0.0,0.0,0.0,0.0,0.0,0.0,0.0,0.0,0.0,0.0,0.0,0.0,0.0,6e-05,5e-05,8e-05,0.00012,0.00012,0.00013000000000000002,0.00010928571428571427,0.00028033548387096775,0.00031482692307692304,0.0003761656050955413,0.0008414999999999999,0.0010998679245283014,0.0012144374999999994,0.0016250310559006204,0.004808166666666665,0.009565785276073612,0.010739853658536578,0.013309145454545444,0.011036277108433728,0.012341694610778432,0.013660714285714274,0.013481201183431938,0.02177619763265229,0.016995379459505456,0.017271682224233923
Finland,0.0,0.0,0.0,0.0,0.0,0.0,0.0,0.0,0.0,0.0,0.0,0.0,0.0,0.0,0.0,0.0,0.0,0.0,0.0,0.0,0.0,0.0,0.0,0.0,0.0,0.051565,0.05000099999999999,0.049530000000000005,0.059631,0.06473,0.066196,0.05901000000000001,0.07908799999999999,0.093573,0.084134,0.08666726315789475,0.08229303178400546,0.08881226587436332,0.09205499999999998,0.10226293295340258,0.0934498211192538,0.10500930387288974,0.09677441249999996,0.10126189212160831,0.08523119005847948,0.10587234420406838,0.10886828915275987,0.10757534928229655,0.11726465250475578,0.1174752612669397,0.12437351785714273,0.1313845926502646,0.1447668,0.16206457894736842,0.1636546333469889
France,0.0,0.0039,0.00605,0.009260000000000001,0.01067,0.013702457999999999,0.013918224,0.015151953000000001,0.015500864000000001,0.015770592,0.014158849,0.013329,0.013745814000000002,0.014183880999999999,0.014840102000000004,0.014710235000000002,0.014921525,0.0152734,0.015587000000000002,0.016223,0.016521499999999998,0.016628,0.017506,0.0177325,0.0184145,0.01913271526,0.02102489604,0.02135977604,0.019780851799999995,0.021635825,0.023357542000000002,0.024330805,0.026895352000000008,0.026765857000000004,0.028944919300000004,0.030392232500000005,0.03448620496753247,0.03759953728064516,0.04033675621153846,0.042737168251719734,0.04691193773924049,0.058071737462264135,0.07940699999999998,0.09666559006211177,0.11960444444444439,0.14532184049079747,0.18294695121951204,0.22552199999999983,0.24107638554216845,0.26550538922155664,0.31842214285714254,0.33677201183431926,0.37327112612639274,0.41984901125043533,0.4894540865914938
Germany,0.0,0.0,0.0,0.0,0.0,0.009200201613000001,0.010010282260000001,0.0101874874,0.010531048390000002,0.0107625,0.01124710181,0.012776852320000002,0.012465839210000001,0.01317465978,0.01443317792,0.0196625378,0.01804237651,0.01798813004,0.015402381550000002,0.01642944808,0.01644029738,0.015965695560000003,0.01447849294,0.01645881804,0.01775267893,0.01507,0.01572,0.01837,0.02238,0.027909999999999997,0.03517000000000001,0.04142,0.052570000000000006,0.07780000000000001,0.09143000000000001,0.14304,0.15696409090909091,0.21712180645161286,0.2733109615384615,0.35606315923566867,0.41508706329113915,0.49682083018867906,0.6421352624999997,0.6918602981366456,0.7190603333333331,0.7906035644171774,0.9923150853658529,1.1246742545454538,1.192109638554216,1.309551736526945,1.54647482142857,1.5311316568047322,1.765692,1.8501636842105262,1.997721327324867
Greece,0.0,0.0,0.0,0.0,0.0,0.0,0.0,0.0,0.0,0.0,0.0,0.0,0.0,0.0,0.0,0.0,0.0,0.0,0.0,0.0,0.0,0.0,1e-05,1e-05,1e-05,2e-05,2e-05,9e-05,0.0004800000000000001,0.00038,0.00035000000000000016,0.00036,0.00037,0.0007300000000000001,0.0016300000000000004,0.004510000000000001,0.00829577922077922,0.00766974193548387,0.011043461538461535,0.012132802547770697,0.01345044303797468,0.017455471698113206,0.019153687499999995,0.023168571428571417,0.026548333333333323,0.028741472392638016,0.03854853658536583,0.05329963636363633,0.07376259036144572,0.07055407185628737,0.07970571428571421,0.08464792899408274,0.08854642800000001,0.09309719842105262,0.10304250032115551
Hungary,0.0,0.0,0.0,0.0,0.0,0.0,0.0,0.0,0.0,0.0,0.0,0.0,0.0,0.0,0.0,0.0,0.0,0.0,0.0,0.0,0.0,0.0,0.0,0.0,0.0,0.00017,0.00024,0.00046,0.00039000000000000005,0.00045,0.0005600000000000001,0.0005,0.00053,0.0006,0.00065,0.00065,0.0007053896103896104,0.0004244516129032258,0.0016182692307692306,0.007123757961783437,0.01615215189873417,0.012576792452830183,0.015998062499999997,0.020374658385093156,0.02518833333333332,0.026516871165644156,0.02319256097560974,0.02257149654545453,0.023732558132530102,0.026106564071856263,0.027275892857142832,0.027150710059171572,0.029349,0.0314857894736842,0.03793959852519459
Iceland,0.0,0.0,0.0,0.0,1.9039999999999997e-05,0.00012091000000000003,0.00012033000000000001,0.00021664000000000007,0.00024200000000000003,5.751e-05,0.00018347000000000006,0.00019012000000000003,0.00016126,0.00018284999999999997,0.00045630000000000003,0.00044672000000000006,0.00123133,0.0015896800000000006,0.00171714,0.00173233,0.0017123299999999998,0.0021233899999999997,0.0023413600000000002,0.0024560800000000007,0.0025750799999999996,0.0028291000000000006,0.0026702499999999994,0.0022976900000000002,0.0025427200000000005,0.00258365,0.0028817700000000005,0.003431342880000001,0.0037307241000000004,0.0065265806700000005,0.011356729999999999,0.013226630000000003,0.014414418116883114,0.01411962982846491,0.013776652318772014,0.014446150610109515,0.016065288792341762,0.025332547009539613,0.034239991263572356,0.03837294183457011,0.04300137542777775,0.041913763991226975,0.04386128382548778,0.048306318349090875,0.04839294764873491,0.04806903009772451,0.0456620887703571,0.045958749836272156,0.046599529959,0.05381123631578946,0.05371026222942591
Ireland,0.0,0.0,0.0,0.0,0.0,0.0,0.0,0.0,0.0,0.0,0.0,0.0,0.0,0.0,0.0,0.0,0.0,0.0,0.0,0.0,0.0,0.0,0.0,0.0,0.0,0.0,0.0,5.000899999999999e-05,0.00015002700000000003,0.0001900342,0.00016002880000000002,0.00041007380000000006,0.0013102358,0.0025404572000000004,0.0027805004,0.0033906101999999997,0.0042827837493506484,0.004630317178064515,0.0052971071538461525,0.007446690481528661,0.012030792747903793,0.016847214764226785,0.02035627603902953,0.02489213376288896,0.030293319307641203,0.02938630640608133,0.044013081059017405,0.041274509587659096,0.04630538553192993,0.05202166604449389,0.06422392691280668,0.06188209611049653,0.073668384,0.08500430368421051,0.09456957117892414
Italy,0.026760000000000006,0.03351,0.03475,0.03617,0.03812,0.04228,0.04209,0.03806999999999999,0.03845,0.04245,0.03986000000000001,0.03812,0.03730000000000001,0.038110000000000005,0.03825,0.0396,0.03469,0.035210000000000005,0.03393,0.03472,0.03212,0.03501,0.036930000000000004,0.037869999999999994,0.032010202020202015,0.03276919191919192,0.03299878787878787,0.03566919191919192,0.03797838383838384,0.03581717171717171,0.036756363636363636,0.041846666666666664,0.046029999999999995,0.05257000000000001,0.05950000000000001,0.0668,0.07487064935064935,0.08683490322580645,0.09999923076923076,0.1123916560509554,0.11980481012658223,0.13126245283018864,0.14248124999999995,0.15718136645962727,0.19000994444444433,0.24261857668711642,0.34647782926829246,0.46685770909090873,0.5459602228915659,0.5692461197604787,0.5770904999999995,0.5938047692307686,0.609291,0.5871996842105263,0.6028081605899221
Latvia,0.0,0.0,0.0,0.0,0.0,0.0,0.0,0.0,0.0,0.0,0.0,0.0,0.0,0.0,0.0,0.0,0.0,0.0,0.0,0.0,0.0,0.0,0.0,0.0,0.0,0.0,0.0,0.0,0.0,0.0,0.0,1e-05,2e-05,2e-05,2e-05,5e-05,5.961038961038961e-05,0.00020729032258064514,0.000706153846153846,0.0008478343949044583,0.0008618354430379744,0.0008564150943396224,0.0009084374999999995,0.000978819875776397,0.0009066666666666662,0.0010794478527607356,0.0017837560975609745,0.003673854545454543,0.005725518072289152,0.007056323353293407,0.008343964285714277,0.008631209822485199,0.009729719999999999,0.009547074736842104,0.010087298545510742
Lithuania,0.0,0.0,0.0,0.0,0.0,0.0,0.0,0.0,0.0,0.0,0.0,0.0,0.0,0.0,0.0,0.0,0.0,0.0,0.0,0.0,0.0,0.0,0.0,0.0,0.0,0.0,0.0,0.0,0.0,0.0,0.0,0.0,0.0,0.0,0.0,0.0,1.9870129870129866e-05,3.948387096774193e-05,6.865384615384615e-05,7.01656050955414e-05,8.521518987341769e-05,0.00037239622641509424,0.0015309562499999994,0.0019015714285714276,0.002452722222222221,0.0034823926380368074,0.005897030487804875,0.0070509818181818135,0.009258343373493969,0.010186868263473047,0.012113410714285703,0.014799355029585785,0.0174051,0.015165789473684209,0.018657795985251947
Luxembourg,0.0,0.0,0.0,0.0,0.0,0.0,0.0,0.0,0.0,0.0,0.0,0.0,0.00013000000000000004,0.00015,0.00016,0.00015,0.00018,0.00018,0.00017,0.00018999999999999998,0.00018,0.00017,0.00021999999999999998,0.00023,0.00018999999999999998,0.00012505000000000003,0.00013976000000000003,0.0001177,0.00014712,0.00015079999999999998,0.00019493000000000003,0.00015448,0.00019919,0.00028067999999999995,0.00036850000000000007,0.00047135000000000005,0.0004933653896103895,0.0005088779999999999,0.0006053111538461538,0.0008885012101910826,0.0011243756962025313,0.0012924747169811316,0.0014138538749999996,0.0014280126708074528,0.0015297449999999992,0.0015053228834355818,0.0017051383536585353,0.0019449916363636348,0.00231321253012048,0.0026554386826347282,0.00301931839285714,0.0030943299408283994,0.004631993999999999,0.005294175789473684,0.005957875543389048
Netherlands,0.0,0.0,0.0,0.0,0.0,0.0,0.0,0.0,0.0,0.0,0.00803,0.00872,0.00867,0.012110000000000001,0.011060000000000002,0.01024,0.01085,0.00265,0.00231,0.00017,0.00441,0.005540000000000001,0.007040000000000001,0.00851,0.009229999999999999,0.00726,0.00838,0.009,0.01038,0.0117701,0.013350000000000002,0.01755,0.0194,0.02233781,0.02438608,0.02849904,0.03175340142857143,0.038198591999999996,0.03821345653846153,0.05091923808917195,0.07144439582278478,0.07662724018867921,0.07170913012499996,0.08914022329192543,0.1014217827777777,0.10428926797546006,0.11460142207317066,0.11534518854545446,0.11149688819277098,0.10623218766467055,0.12386972892857132,0.13248950804733717,0.156352464,0.16831760842105262,0.19861648150757882
North Macedonia,0.0,0.0,0.0,0.0,0.0,0.0,0.0,0.0,0.0,0.0,0.0,0.0,0.0,0.0,0.0,0.0,0.0,0.0,0.0,0.0,0.0,0.0,0.0,0.0,0.0,0.0,0.0,0.0,0.0,0.0,0.0,0.0,0.0,0.0,0.0,0.0,0.0,0.0,0.0,0.0,0.0,0.0,0.0,0.0,0.0,2.44049079754601e-07,1.0943231707317065e-05,2.6297454545454528e-05,8.342186746987944e-05,0.0007788799401197597,0.00148980107142857,0.0015319555029585786,0.0016720379999999998,0.0015584168421052627,0.0016058006390823434
Norway,0.0,0.0,0.0,0.0,0.0,0.0,0.0,0.0,0.0,0.0,0.0,0.0,0.0,0.0,0.0,0.0,0.0,0.0,0.0,0.0,5e-05,0.0002600000000000001,0.00021,0.00027,0.00029,0.00213,0.00209,0.00227,0.0024300000000000003,0.0027000000000000006,0.0028899999999999998,0.0030299999999999997,0.0024100000000000002,0.0027000000000000006,0.0028727600000000002,0.00291499,0.00287181,0.0029040683225806446,0.005453037692307692,0.006088025923566877,0.00819450569620253,0.009921905660377355,0.012288768749999995,0.01251939130434782,0.011443833333333327,0.011555723926380363,0.015211371951219499,0.01745961818181817,0.021077132530120467,0.022781425149700583,0.025357928571428545,0.021479226390532524,0.027942782167708454,0.03727764686906576,0.05269188090293769
Poland,0.0002600000000000001,0.00037999999999999997,0.00043999999999999996,0.00047,0.00084,0.0005899999999999999,0.00101,0.00185,0.00223,0.00235,0.00211,0.00183,0.00265,0.00262,0.0024,0.00248,0.0026900000000000006,0.0026900000000000006,0.0036200000000000004,0.0034500000000000004,0.0039700000000000004,0.00368,0.00193,0.00094,0.00103,0.00055,0.0008300000000000001,0.00111,0.00061,0.00051,0.0006800000000000002,0.00133,0.0017100000000000001,0.0022400000000000002,0.00197,0.0022600000000000003,0.004550259740259741,0.004817032258064516,0.005678653846153845,0.009671159235668789,0.01593717721518987,0.02163939622641509,0.02942859374999999,0.04232683229813663,0.05953116666666663,0.07479634969325148,0.10081207317073165,0.13762952727272718,0.13482065060240955,0.1618135329341316,0.18989303571428556,0.18712171597633118,0.19405800000000004,0.17578894736842104,0.205895419909873
Portugal,0.00207,0.002,0.00192,0.0022800000000000003,0.0028000000000000004,0.0018600000000000003,0.00143,0.00113,0.002,0.0018,0.0023599999999999997,0.0023,0.0023400000000000005,0.00232,0.0025800000000000007,0.0032000000000000006,0.00311,0.0035299999999999997,0.00405,0.0037300000000000002,0.0054800000000000005,0.006060000000000001,0.0061400000000000005,0.00653,0.0066301010101010105,0.00693959595959596,0.00813959595959596,0.008908383838383839,0.009155555555555556,0.00984,0.010460000000000002,0.0103,0.01126,0.011694000000000001,0.013621999999999999,0.015454000000000002,0.016965116883116884,0.0190786064516129,0.01944473076923077,0.023874821656050947,0.033880784810126574,0.04540924528301885,0.058751999999999964,0.07452335403726704,0.09451999999999997,0.1145904294478527,0.1173342073170731,0.1274999999999999,0.14508570108090352,0.14652343668826334,0.14308560154821415,0.149722721893491,0.150093,0.15217684210526314,0.16545088078656287
Romania,0.0,0.0,0.0,0.0,0.0,0.0,0.0,0.0,0.0,0.0,0.0,0.0,0.0,0.0,0.0,0.0,0.0,0.0,0.0,0.0,0.0,0.0,0.0,0.0,0.0,2.0627325890483786e-05,0.0,2e-05,1e-05,0.0,0.0,0.0,0.00010999999999999999,0.00010999999999999999,0.0,0.0,0.0,2.961290322580645e-05,2.942307692307692e-05,3.898089171974522e-05,5.8101265822784796e-05,4.8113207547169804e-05,0.0003633749999999999,0.00027559006211180114,0.00018898428731762057,0.003933134411600666,0.014796219512195112,0.02651999999999998,0.047853975903614426,0.059769862275449046,0.08714624999999993,0.080945147928994,0.088093512,0.07632221578947368,0.08043318545720547
Slovakia,0.0,0.0,0.0,0.0,0.0,0.0,0.0,0.0,0.0,0.0,0.0,0.0,0.0,0.0,0.0,0.0,0.0,0.0,0.0,0.0,0.0,0.0,0.0,0.0,0.0,0.0,0.0,0.0,0.0,0.0,0.0,0.0,0.0,0.0,0.0,0.0,0.0015300000000000001,0.0015003870967741932,0.0009905769230769228,0.0002533757961783439,0.0003776582278481012,0.0038875471698113203,0.0046186874999999995,0.004979627329192544,0.005128333333333331,0.006429754601226991,0.011391036585365846,0.012712909090909082,0.013871385542168662,0.018506586826347288,0.019798928571428554,0.020551036394585373,0.019871999999999997,0.019827368421052628,0.01698828911045642
Slovenia,0.0,0.0,0.0,0.0,0.0,0.0,0.0,0.0,0.0,0.0,0.0,0.0,0.0,0.0,0.0,0.0,0.0,0.0,0.0,0.0,0.0,0.0,0.0,0.0,0.0,0.0,0.0,0.0,0.0,0.0,0.0,0.0,0.0,0.0,0.00031,0.0007000000000000001,0.0007153246753246755,0.0010068387096774194,0.0011965384615384611,0.0011791719745222926,0.0010651898734177212,0.000952641509433962,0.0009944999999999995,0.0027749068322981347,0.0018605555555555547,0.0021964417177914096,0.0029667073170731692,0.003987272727272725,0.004424096385542166,0.004764071856287421,0.004981607142857139,0.005033758288076513,0.005251248000000001,0.00480921947368421,0.004935931449811366
Spain,0.0,0.0,0.0,0.0,0.0,0.00047,0.0005200000000000002,0.00061,0.0005600000000000001,0.00051,0.00113,0.0018700000000000004,0.0030900000000000003,0.00316,0.0025099999999999996,0.0036200000000000004,0.00424,0.00487,0.005600000000000001,0.0055000000000000005,0.00611,0.005380000000000001,0.0056300000000000005,0.006730000000000002,0.005970606060606061,0.005620000000000001,0.00564,0.0068600000000000015,0.007039999999999999,0.00824,0.012960000000000001,0.014589999999999999,0.022180000000000002,0.028980000000000006,0.04485,0.06238000000000002,0.08359363636363637,0.11803703225806451,0.1500576923076923,0.1859973248407643,0.23114620253164553,0.2520169811320754,0.29618887499999985,0.3685209316770185,0.44731388775723097,0.5121598021652343,0.5189642104506802,0.6158474299262339,0.6836006807316282,0.6513959753342307,0.6279156157781369,0.617616467422264,0.62573104053,0.6246654198552631,0.690778881804895
Sweden,0.0,0.0,0.0,0.0,0.0,0.0013,0.0016,0.00226,0.0039900000000000005,0.0035700000000000003,0.0031,0.0035399999999999997,0.0036,0.0027600000000000007,0.0034700000000000004,0.00721,0.009210000000000003,0.01002,0.0145,0.01853,0.018080000000000002,0.019860000000000003,0.019650000000000004,0.020460000000000002,0.021940000000000005,0.01949,0.018730000000000004,0.020410000000000005,0.022240000000000003,0.023050000000000005,0.024599999999999997,0.02263,0.029770000000000005,0.03089,0.03056,0.045559999999999996,0.0423333116883117,0.04723258064516129,0.05091173076923076,0.07847828025477706,0.08174848101265822,0.08995245283018864,0.10775981249999994,0.11723981366459621,0.13176888888888882,0.14739625766871156,0.16444701219512184,0.17968690909090895,0.19656813253012034,0.20134616766467048,0.24707678571428554,0.2454344339644968,0.269235,0.2588205263157895,0.29944966359857356
Switzerland,0.0,0.0,0.0,0.0,0.0,0.0,0.0,0.0,0.0,0.0,0.0,0.0,0.0,0.0009800000000000002,0.0028700000000000006,0.0017300000000000002,0.00436,0.0039,0.00396,0.0036900000000000006,0.00365,0.00458,0.005110000000000001,0.00513,0.00529,0.00439,0.00438,0.004879999999999999,0.00495,0.00555,0.005800000000000001,0.006220000000000001,0.006670000000000001,0.007,0.007620000000000001,0.008470000000000002,0.008872012987012987,0.009170129032258063,0.009346730769230767,0.009686751592356687,0.010119303797468351,0.01129698113207547,0.011704499999999996,0.012211490683229808,0.012334444444444441,0.013169263803680973,0.015141402439024378,0.01774799999999999,0.02024945783132529,0.023948622754490997,0.02577321428571426,0.0286716568047337,0.032886,0.03468894736842104,0.03693819999041056
Turkey,0.001,0.00122,0.0017300000000000002,0.0017900000000000001,0.0017800000000000001,0.0016600000000000002,0.0016200000000000003,0.0017500000000000005,0.0019700000000000004,0.00207,0.0022,0.0016100000000000003,0.00218,0.0013700000000000003,0.00145,0.00136,0.0011,0.0,0.0,0.00022100000000000003,6e-05,0.0004360000000000001,0.000579,0.000684,0.0006260000000000001,0.000801,0.001197,0.001167,0.00134,0.0013,0.0030830000000000002,0.0025910000000000004,0.0037679999999999996,0.0033150000000000002,0.002344,0.0027490000000000006,0.003338181818181818,0.0027895354838709677,0.002245961538461538,0.0022111910828025473,0.001814696202531645,0.0026784622641509424,0.005795276624999997,0.010939927639751547,0.020614946111111095,0.03679484797546011,0.05377299319418381,0.06821277620806583,0.09038422109360512,0.10979366119760468,0.1503783541071427,0.2083464372781063,0.2614014,0.3384746078947368,0.404125722692255
Ukraine,0.0,0.0,0.0,0.0,0.0,0.0,0.0,0.0,0.0,0.0,0.0,0.0,0.0,0.0,0.0,0.0,0.0,0.0,0.0,0.0,0.0,0.0,0.0,0.0,0.0,0.0,0.0,0.0,0.0,0.0,0.0,0.0,0.0,3e-05,3e-05,6e-05,0.00015896103896103893,0.00021716129032258057,0.0003040384615384615,0.000321592356687898,0.00036797468354430365,0.0003367924528301886,0.003117374999999999,0.0029364596273291914,0.001718888888888888,0.0022339877300613484,0.0023659024390243885,0.007005545454545449,0.012070409638554207,0.015475904191616756,0.015535874999999987,0.014309573964497026,0.017235,0.02251198137522397,0.04490237556173045
United Kingdom,0.0,0.0,0.0,0.0,0.0,0.0,0.0,0.0,0.0,0.0,0.0,0.0,0.0,0.0,0.0,0.0,0.0,0.0,0.0,1.01010101010101e-05,1.01010101010101e-05,1.01010101010101e-05,0.0,1.01010101010101e-05,9e-05,0.006048000000000001,0.0069689999999999995,0.009672000000000002,0.014150000000000003,0.018625,0.020336,0.022926,0.027768,0.035311999999999996,0.042801,0.04828800000000001,0.054573311688311685,0.06260266451612904,0.07321148076923076,0.09069781528662418,0.11641847468354426,0.1301356415094339,0.1397302972380307,0.15930555465315305,0.18903923867409983,0.2120306858686801,0.27540397184225096,0.3332514363557,0.4471314791857921,0.5371908166908387,0.7018561735661801,0.7027427436199377,0.8360184106953508,0.9352594910310201,1.0105667660559134
Other Europe,0.0,0.0,0.0,0.0,0.0,0.0,0.0,0.0,0.0,0.0,0.0,0.0,0.0,0.0,0.0,0.0,0.0,0.0,0.0,0.0,0.0,0.0,0.0,0.0,0.0,0.0,0.0,0.0,4.272727272727275e-06,6.111111111111111e-06,5.7575757575757586e-06,0.00014871358585858587,0.00013412555555555557,0.00014837015151515152,0.00012369676767676768,0.00011839282828282828,0.00011689190968122786,0.00011133055718475072,0.00014137525932400932,0.0003347664215402431,0.00037872791714614487,0.0004535711780902737,0.0005771725888886015,0.00047882918972331996,0.0005423620792465122,0.0005520825613713941,0.0006882371784922389,0.0009215755189548278,0.001345374112656078,0.0019167014652994787,0.00365822861351302,0.004753286365879132,0.007566169577910568,0.009689718532777761,0.018014938761221903
Azerbaijan,0.0,0.0,0.0,0.0,0.0,0.0,0.0,0.0,0.0,0.0,0.0,0.0,0.0,0.0,0.0,0.0,0.0,0.0,0.0,0.0,0.0,0.0,0.0,0.0,0.0,0.0,0.0,0.0,0.0,0.0,0.0,0.0,0.0,0.0,0.0,0.0,0.0,0.0,0.0,0.0,0.0,0.0,0.0,0.0,1.9833333333333322e-05,4.6932515337423285e-06,0.0,0.0,0.0006322771084337343,0.0008447065868263467,0.0009116249999999992,0.0013158905325443774,0.00130005,0.0018123789473684208,0.002313676740301894
Belarus,0.0,0.0,0.0,0.0,0.0,0.0,0.0,0.0,0.0,0.0,0.0,0.0,0.0,0.0,0.0,0.0,0.0,0.0,0.0,0.0,0.0,0.0,0.0,0.0,0.0,0.0,0.0,0.0,0.0,0.0,0.0,0.0,0.0,0.0,0.0,0.0,0.0,0.0,0.0,9.843659525188186e-06,9.683544303797465e-06,2.886792452830188e-05,0.00014343749999999993,0.00032310559006211166,0.0005761111111111108,0.000797852760736196,0.0009235975609756091,0.0009365454545454539,0.0008332048192771078,0.0008245508982035921,0.0012932142857142845,0.001747278106508874,0.0026279999999999997,0.002916842105263158,0.0030310298355648332
Kazakhstan,0.0,0.0,0.0,0.0,0.0,0.0,0.0,0.0,0.0,0.0,0.0,0.0,0.0,0.0,0.0,0.0,0.0,0.0,0.0,0.0,0.0,0.0,0.0,0.0,0.0,0.0,0.0,0.0,0.0,0.0,0.0,0.0,0.0,0.0,0.0,0.0,0.0,0.0,0.0,0.0,0.0,0.0,0.0,0.0,0.0,0.0,1.3714024390243892e-06,2.490654545454544e-05,4.918212650602407e-05,0.00013288279041916157,0.0016244346964285699,0.0033066640650887547,0.0039109806,0.004733221421052631,0.0070565005860216586
Russian Federation,0.0,0.0,0.0,0.0,0.0,0.0,0.0,0.0,0.0,0.0,0.0,0.0,0.0,0.0,0.0,0.0,0.0,0.0,0.0,0.0,0.0,0.0,0.0,0.0,0.0,0.00065,0.00065,0.00063,0.0006000000000000001,0.00061,0.00059,0.00057,0.00057,0.00058,0.00058,0.0008100000000000002,0.0011643896103896104,0.0017718387096774192,0.0036719999999999995,0.004451617834394904,0.004436031645569619,0.00491620754716981,0.004696143749999999,0.0046954844720496864,0.004733555555555553,0.005079036809815947,0.005259841463414631,0.004750524881693646,0.004578939759036142,0.007425593892215563,0.008786908392857135,0.00961745778106508,0.010819611,0.012387559999999999,0.0162254362638263
Turkmenistan,0.0,0.0,0.0,0.0,0.0,0.0,0.0,0.0,0.0,0.0,0.0,0.0,0.0,0.0,0.0,0.0,0.0,0.0,0.0,0.0,0.0,0.0,0.0,0.0,0.0,0.0,0.0,0.0,0.0,0.0,0.0,0.0,0.0,0.0,0.0,0.0,0.0,0.0,0.0,0.0,0.0,0.0,0.0,0.0,0.0,1.4971472392638027e-06,4.261143292682924e-06,9.100546699875462e-06,1.7039683734939747e-05,2.8561526946107757e-05,4.7539285714285666e-05,6.318328280781382e-05,6.263999999999998e-05,6.227368421052631e-05,6.204408029496107e-05
USSR,0.0,0.0,0.0,0.0,0.0,0.0,0.0,0.0,0.0,0.0,0.0,0.0,0.0,0.0,0.0,0.0,0.0,0.0,0.0,0.0,0.0,0.0,0.0,0.0,0.0,0.0,0.0,0.0,0.0,0.0,0.0,0.0,0.0,0.0,0.0,0.0,0.0,0.0,0.0,0.0,0.0,0.0,0.0,0.0,0.0,0.0,0.0,0.0,0.0,0.0,0.0,0.0,0.0,0.0,0.0
Uzbekistan,0.0,0.0,0.0,0.0,0.0,0.0,0.0,0.0,0.0,0.0,0.0,0.0,0.0,0.0,0.0,0.0,0.0,0.0,0.0,0.0,0.0,0.0,0.0,0.0,0.0,0.0,0.0,0.0,0.0,0.0,0.0,0.0,0.0,0.0,0.0,0.0,0.0,0.0,0.0,0.0,0.0,0.0,0.0,0.0,0.0,0.0,0.0,0.0,0.0,0.0,0.0,2.7159763313609437e-06,6.3e-06,1.4614035087719296e-05,3.3973690199827014e-05
Other CIS,0.0,0.0,0.0,0.0,0.0,0.0,0.0,0.0,0.0,0.0,0.0,0.0,0.0,0.0,0.0,0.0,0.0,0.0,0.0,0.0,0.0,0.0,0.0,0.0,0.0,0.0,0.0,0.0,0.0,0.0,0.0,0.0,0.0,0.0,0.0,0.0,0.0,0.0,0.0,0.0,0.0,2.501886792452829e-05,2.7731249999999986e-05,1.8055900621118003e-05,4.068076388888887e-05,3.9241449386503046e-05,2.953646341463413e-05,4.936633599003733e-05,0.00010145697289156618,0.0002393098652694609,0.00028367611607142836,0.0002694946117370509,0.00038019374999999995,0.000513970394736842,0.0005985448586644818
Iran,0.0,0.0,0.0,0.0,0.0,0.0,0.0,0.0,0.0,0.0,0.0,0.0,0.0,0.0,0.0,0.0,0.0,0.0,0.0,0.0,0.0,0.0,0.0,0.0,0.0,0.0,0.0,0.0,0.0,0.0,0.0,0.0,0.0,0.0,0.00035000000000000005,0.00036500000000000004,0.0003348116883116883,0.00029909032258064515,0.00027069230769230767,0.0004512038216560509,0.0006865632911392403,0.0012066792452830185,0.0013483124999999993,0.001862608695652173,0.002155222222222221,0.0020631533742331274,0.0022035731707317056,0.002110472727272726,0.0021318614457831314,0.002244610778443112,0.0023678571428571407,0.0026354023668639036,0.003748526999999999,0.004394014287667533,0.004925345400615865
Iraq,0.0,0.0,0.0,0.0,0.0,0.0,0.0,0.0,0.0,0.0,0.0,0.0,0.0,0.0,0.0,0.0,0.0,0.0,0.0,0.0,0.0,0.0,0.0,0.0,0.0,0.0,0.0,0.0,0.0,0.0,0.0,0.0,0.0,0.0,0.0,0.0,0.0,0.0,0.0,0.0,0.0,0.0,0.0,0.0,0.0,0.0,0.0,0.0,0.0004267409638554213,0.000524964071856287,0.0005218848214285709,0.0005187967455621296,0.000515745,0.000512728947368421,0.0005108385088078656
Israel,0.0,0.0,0.0,0.0,0.0,0.0,0.0,0.0,0.0,0.0,0.0,0.0,0.0,0.0,0.0,0.0,0.0,0.0,0.0,0.0,0.0,0.0,0.0,0.0,0.0,0.0,0.0,0.0,0.0,0.0,0.0,0.0,0.0,0.0,0.0,0.0,9.935064935064934e-05,0.00010858064516129028,0.00011769230769230768,0.00010719745222929932,0.0001065189873417721,9.62264150943396e-05,9.562499999999997e-05,0.00015204968944099374,0.000708333333333333,0.0013047239263803672,0.0025375609756097548,0.004181999999999997,0.005005680722891563,0.008322467065868257,0.011247321428571419,0.015257655728749217,0.015055057930999287,0.015559241052631578,0.02571440429888649
Kuwait,0.0,0.0,0.0,0.0,0.0,0.0,0.0,0.0,0.0,0.0,0.0,0.0,0.0,0.0,0.0,0.0,0.0,0.0,0.0,0.0,0.0,0.0,0.0,0.0,0.0,0.0,0.0,0.0,0.0,0.0,0.0,0.0,0.0,0.0,0.0,0.0,0.0,0.0,0.0,0.0,0.0,0.0,0.0,0.0,0.0,0.0,0.0,0.0,1.6774698795180711e-06,3.0031976047904166e-05,4.6355357142857096e-05,0.00044192556213017706,0.000597006,0.0007444263797451947,0.0014251453844812399
Oman,0.0,0.0,0.0,0.0,0.0,0.0,0.0,0.0,0.0,0.0,0.0,0.0,0.0,0.0,0.0,0.0,0.0,0.0,0.0,0.0,0.0,0.0,0.0,0.0,0.0,0.0,0.0,0.0,0.0,0.0,0.0,0.0,0.0,0.0,0.0,0.0,0.0,0.0,0.0,0.0,0.0,0.0,0.0,0.0,0.0,0.0,0.0,0.0,1.1060240963855412e-05,1.0994011976047893e-05,3.3696428571428546e-05,3.3669053254437846e-05,3.347099999999999e-05,3.359946495821993e-05,3.347558327668614e-05
Qatar,0.0,0.0,0.0,0.0,0.0,0.0,0.0,0.0,0.0,0.0,0.0,0.0,0.0,0.0,0.0,0.0,0.0,0.0,0.0,0.0,0.0,0.0,0.0,0.0,0.0,0.0,0.0,0.0,0.0,0.0,0.0,0.0,0.0,0.0,0.0,0.0,0.0,0.0,0.0,0.0,0.0,0.0,0.0,0.0,0.0,0.0,0.0010816167073170722,0.0010750614545454538,0.0010930743975903605,0.001111769461077843,0.0011051517857142846,0.0011154333727810641,0.001108872,0.0011023873684210526,0.0010983228512904547
Saudi Arabia,0.0,0.0,0.0,0.0,0.0,0.0,0.0,0.0,0.0,0.0,0.0,0.0,0.0,0.0,0.0,0.0,0.0,0.0,0.0,0.0,0.0,0.0,0.0,0.0,0.0,0.0,0.0,0.0,0.0,0.0,0.0,0.0,0.0,0.0,0.0,0.0,0.0,0.0,0.0,0.0,0.0,0.0,0.0,5.787391304347823e-06,5.751666666666663e-06,3.838141104294476e-05,4.62638414634146e-05,0.00021862309090909076,0.0003600384939759034,0.00038657694610778415,0.0011765973214285705,0.0011696352071005906,0.0013976549999999998,0.0034097816607892508,0.015876887511183164
United Arab Emirates,0.0,0.0,0.0,0.0,0.0,0.0,0.0,0.0,0.0,0.0,0.0,0.0,0.0,0.0,0.0,0.0,0.0,0.0,0.0,0.0,0.0,0.0,0.0,0.0,0.0,0.0,0.0,0.0,0.0,0.0,0.0,0.0,0.0,0.0,0.0,0.0,0.0,0.0,0.0,0.0,0.0,0.0,0.0,0.0,6.000999999999997e-05,0.00017293693251533733,0.00019307853658536572,0.00022478945454545434,0.0008019780722891558,0.002907998622754489,0.0028978291071428543,0.003137052248520707,0.007134839999999999,0.011824602145273717,0.037229725680768724
Other Middle East,0.0,0.0,0.0,0.0,0.0,0.0,0.0,0.0,0.0,0.0,0.0,0.0,0.0,0.0,0.0,0.0,0.0,0.0,0.0,0.0,0.0,0.0,0.0,0.0,0.0,1e-05,1e-05,1e-05,1e-05,1e-05,1e-05,1e-05,3e-05,3e-05,3e-05,6e-05,7.948051948051948e-05,7.896774193548388e-05,8.826923076923076e-05,9.842675159235667e-05,8.812025316455695e-05,9.718867924528299e-05,0.00013483124999999997,0.00016155279503105583,0.0001444999999999999,0.00017682763803680975,0.00018735969512195108,0.00020894795267745937,0.0002999168674698793,0.0005263612275449097,0.003045383035714283,0.013197471445245993,0.019805813999999998,0.029444199732777166,0.032050521928990244
Algeria,0.0,0.0,0.0,0.0,0.0,0.0,0.0,0.0,0.0,0.0,0.0,0.0,0.0,0.0,0.0,0.0,0.0,0.0,0.0,0.0,0.0,0.0,0.0,0.0,0.0,0.0,0.0,0.0,0.0,0.0,0.0,0.0,0.0,0.0,0.0,0.0,0.0,0.0,0.0,0.0,0.0,0.0,0.0,0.0,0.0,8.541717791411039e-05,0.00016903467987804864,0.000247795217932752,0.000263602409638554,0.0005588622754491014,0.0007012499999999993,0.0023905304368971366,0.004706999999999999,0.005484736842105262,0.005571487095452682
Egypt,0.0,0.0,0.0,0.0,0.0,0.0,0.0,0.0,0.0,0.0,0.0,0.0,0.0,0.0,0.0,0.0,0.0,0.0,0.0,0.0,0.0,0.0,0.0,0.0,0.0,0.0,0.0,0.0,0.0,0.0,0.0,0.0,0.0,0.0,0.00012,0.0008070000000000002,0.0017873181818181816,0.0021074516129032258,0.0028148076923076924,0.004921829762594093,0.004949367088607595,0.005831903945111491,0.006346022727272724,0.008850367024280062,0.009816498316498312,0.013463469046291124,0.016227272727272722,0.017065564738292,0.014765607886089804,0.010697876973326068,0.017636396103896085,0.02381349968262505,0.024409090909090908,0.031677299308878255,0.05766432866146098
Morocco,0.0,0.0,0.0,0.0,0.0,0.0,0.0,0.0,0.0,0.0,0.0,0.0,0.0,0.0,0.0,0.0,0.0,0.0,0.0,0.0,0.0,0.0,0.0,0.0,0.0,0.0,0.0,0.0,0.0,0.0,0.0,0.0,0.0,0.0,0.0,0.00064,0.0020446363636363635,0.0019149777126099706,0.001989990675990676,0.0019393092067168498,0.00199869332566168,0.001763839908519153,0.002667947159090908,0.0028347859966120817,0.003694676206509538,0.0061847763524818695,0.0064586618625277125,0.006751484622589525,0.011198503285870747,0.017626158954817624,0.022996446428571404,0.030795550295857954,0.031051800000000004,0.04286592947368423,0.05598811451044656
South Africa,0.0,0.0,0.0,0.0,0.0,0.0,0.0,0.0,0.0,0.0,0.0,0.0,0.0,0.0,0.0,0.0,0.0,0.0,0.0,0.0,0.0,0.0,0.0,0.0,0.0,0.0,0.0,0.0,0.0,0.0,0.0,0.0006,0.0014600000000000001,0.00231,0.0019700000000000004,0.004868000000000002,0.004310824675324675,0.004666006451612904,0.004200634615384615,0.003989694267515923,0.004399234177215188,0.004196433962264151,0.0044236124999999975,0.00474014906832298,0.004744888888888888,0.004298079754601225,0.00493798170731707,0.005059199999999997,0.006983620481927705,0.024013670658682616,0.056809446428571386,0.07170449112426028,0.09563814147796677,0.10966117230987554,0.11257299920426765
Eastern Africa,0.0,0.0,0.0,0.0,0.0,0.0,0.00126,0.0012700000000000003,0.00132,0.00136,0.00133,0.00146,0.00149,0.00155,0.0016100000000000003,0.0016700000000000003,0.00177,0.00195,0.0018900000000000002,0.0019200000000000003,0.0022700000000000003,0.00617,0.006149999999999999,0.00583,0.0057399999999999994,0.00713,0.0071600000000000006,0.00709,0.006980000000000001,0.005860000000000001,0.0073,0.008940930879110345,0.009120930879110345,0.01146501965295753,0.011321861758220688,0.01499863157894737,0.015854641209793043,0.014701296193576628,0.018610557115412676,0.021279873439759962,0.020875775127129438,0.022158797546990853,0.021285783456385612,0.02238592598677776,0.02584945490025145,0.028812039455439455,0.029363549176189975,0.032345015310809404,0.036787720070423774,0.04937680255621754,0.06733373954618388,0.06891584970266346,0.07049127905676128,0.07762389706050384,0.14712698959356524
Middle Africa,0.0,0.0,0.0,0.0,0.0,0.0,0.0,0.0,0.0,0.0,0.0,0.0,0.0,0.0,0.0,0.0,0.0,0.0,0.0,0.0,0.0,0.0,0.0,0.0,0.0,3e-05,8e-05,8e-05,8e-05,9e-05,9e-05,7.000000000000001e-05,7.000000000000001e-05,7.000000000000001e-05,7.000000000000001e-05,7.000000000000001e-05,7.00223376664829e-05,7.309451599371049e-05,7.44109615723674e-05,7.634407626234801e-05,8.963088625141334e-05,0.006270469245430994,0.0008461569385590026,0.000881916706999451,0.0008432755554103184,0.0007557918445734216,0.0008078586586373373,0.0008629478186085693,0.00093593602417879,0.0010113483236427144,0.00041618731991082395,0.0005569199951272668,0.0006121439948265552,0.0008130591252571186,0.0008102639000504214
Western Africa,0.0,0.0,0.0,0.0,0.0,0.0,0.00037999999999999997,0.00037999999999999997,0.00037999999999999997,0.00039000000000000005,0.00039000000000000005,0.00039000000000000005,0.0004,0.0004,0.0004,0.0004,0.00041,0.00041,0.00041,0.00042,0.00042,0.00042,0.00043000000000000004,0.00043000000000000004,0.00043000000000000004,0.0004973134326934814,0.0006399999999999999,0.00075,0.00087,0.0010240000000000002,0.001203,0.0013410000000000002,0.001352,0.0014060000000000001,0.0014579999999999999,0.0016534100000262263,0.0017368281818097432,0.0018310842578803607,0.001721004807682954,0.0026509150307987886,0.002766423987286867,0.0028428554694335047,0.0028048724980603928,0.0027366948441716254,0.0024048766674114254,0.002665382024273354,0.0029174487795422793,0.003367001451665898,0.004093662463391478,0.004301318953605192,0.0058941328521569395,0.0066142669702596,0.008444168754705217,0.011879226992524044,0.011970380514718644
Other Northern Africa,0.0,0.0,0.0,0.0,0.0,0.0,0.0,0.0,0.0,0.0,0.0,0.0,0.0,0.0,0.0,0.0,0.0,0.0,0.0,0.0,0.0,0.0,0.0,0.0,0.0,0.0,0.0,0.0,0.0,0.0,0.0,0.0,0.0,0.0,0.0,0.000247,0.0002573181818181818,0.0003217935483870967,0.0003983688461538461,0.0004659483439490445,0.00046101417721518967,0.0004080288679245281,0.00046184962499999985,0.00043327509316770164,0.000987775555555555,0.0013798617101226985,0.0011234468140243893,0.0019661516824408453,0.0034962781174698765,0.004940294416167661,0.004516548616071425,0.00500261081421739,0.0051194857500000005,0.0051288261842105266,0.005846982269949704
Other Southern Africa,0.0,0.0,0.0,0.0,0.0,0.0,0.0,0.0,0.0,0.0,0.0,0.0,0.0,0.0,0.0,0.0,0.0,0.0,0.0,0.0,0.0,0.0,0.0,0.0,0.0,0.0,0.0,0.00032250000088654987,0.0012470000004380596,0.0012900000004172,0.0016770000002294602,0.0017200000002086002,0.0019554732030077275,0.0019704732030077277,0.0022193862314558626,0.0012980000000000003,0.0014366103896103898,0.0015339483870967744,0.0014436923076923073,0.0015212292993630572,0.0015435569620253157,0.0014510943396226414,0.0014831437499999997,0.0014093105590062105,0.0012476111111111106,0.0017487055214723917,0.002552487804878047,0.0028337454545454524,0.0027945726506947016,0.002380819035862444,0.002377837709904597,0.0025229355645425737,0.0026460734469431605,0.002949209528546608,0.004222006379936644
Australia,0.00296,0.0028400000000000005,0.0029,0.0028200000000000005,0.0028100000000000004,0.00261,0.0026300000000000004,0.0028000000000000004,0.00338,0.00429,0.004889999999999999,0.00484,0.00429,0.00405,0.00418,0.00385,0.00404,0.005160000000000001,0.00431,0.00441,0.004560000000000001,0.0046,0.0047,0.00731,0.0081,0.007595000000000001,0.007249500000000001,0.006821000000000001,0.006866000000000001,0.007194000000000001,0.0085365,0.009791,0.010351500000000001,0.011346,0.012171000000000001,0.010702500000000004,0.011312561688311688,0.018346674193548386,0.024117605769230766,0.03589360509554139,0.05087831012658227,0.059584358490566015,0.06924062812499997,0.0693132763975155,0.07097303583966487,0.07888603293328812,0.1030930472698241,0.12272315454545446,0.15150732831325292,0.16743295724550886,0.19783457136153915,0.2186761897333295,0.231149455696591,0.2885087898889919,0.3659452172123274
Bangladesh,0.0,0.0,0.0,0.0,0.0,0.0,0.0,0.0,0.0,0.0,0.0,0.0,0.0,0.0,0.0,0.0,0.0,0.0,0.0,0.0,0.0,0.0,0.0,0.0,0.0,0.0,0.0,0.0,0.0,0.0,0.0,0.0,0.0,0.0,0.0,0.0,0.0,9.870967741935483e-07,8.826923076923077e-06,1.8515923566878975e-05,3.292405063291138e-05,6.735849056603772e-05,0.00010136249999999996,0.00017200621118012413,0.00029466666666666655,0.00048246625766871126,0.0006203963414634142,0.0009272727272727266,0.001287015722891565,0.0016311723952095799,0.0019175180357142835,0.002041110532544377,0.0025841790000000003,0.0027793265657308475,0.0038639969335321246
China,0.0,0.0,0.0,0.0,0.0,0.0,0.0,0.0,0.0,0.0,0.0,0.0,0.0,0.0,0.0,0.0,0.0,0.0,0.0,0.0,0.0,0.0,0.0,0.0,0.0,0.0006802020202020203,0.000750909090909091,0.002473131313131313,0.003331212121212122,0.00848838383838384,0.03637161616161616,0.01635939393939394,0.02930979797979798,0.028495555555555562,0.03010737373737374,0.0314889898989899,0.03282736127508855,0.03387097947214076,0.03527797202797203,0.037828789808917185,0.07119400460299191,0.10526994854202398,0.14780080113636357,0.2672083229813664,0.4604480017579998,0.7039957085889565,0.9734345121951214,1.2682996793454537,1.6937931333795166,2.1029994754491,2.542188803571426,3.34538770420118,4.517977357894736,5.694318210526315,6.528264599754198
China Hong Kong SAR,0.0,0.0,0.0,0.0,0.0,0.0,0.0,0.0,0.0,0.0,0.0,0.0,0.0,0.0,0.0,0.0,0.0,0.0,0.0,0.0,0.0,0.0,0.0,0.0,0.0,0.0,0.0,0.0,0.0,0.0,0.0,0.0,0.0,0.0,0.0,0.0,0.0,0.0,0.0,0.0,0.0,6.678113207547167e-06,8.271562499999996e-06,7.66900621118012e-06,1.0379444444444438e-05,0.0008766149079754595,0.0007422272560975605,0.0008429558181818175,0.0008659062650602401,0.0009619943712574843,0.0009365876785714278,0.0009276960355029578,0.000986112,0.0009003598289486714,0.0009936901818249563
India,0.0,0.0,0.0,0.0,0.0,0.0,0.0,0.0,0.0,0.0,0.0,0.0,0.0,0.0,0.0,0.0,0.0,0.0,0.0,0.0,0.0,0.0,0.0,0.0,0.0,0.0006788936663936663,0.0020798132132132134,0.0020786189189189188,0.0034681954954954948,0.005715652852852853,0.010612751460551462,0.016405892547092547,0.019757272727272727,0.023775883838383832,0.031381394348894344,0.03275149535899536,0.04138213886451386,0.041833477050804466,0.05230620004173754,0.08339937377814988,0.09726460057770658,0.14368047169811315,0.18307214999999993,0.2256341366459626,0.26433111111111096,0.31786829447852744,0.3910484085365851,0.4586995636363632,0.5153924819277105,0.5775511796407181,0.5931095999999995,0.7226819720217266,0.8925984010230568,1.0990753863345104,1.2028420724650015
Indonesia,0.0,0.0,0.0,0.0,0.0,0.0,0.0,0.0,0.0,0.0,0.0,0.0,0.0,0.0,0.0,0.0,0.0,0.0,0.0,0.0,0.0,0.0,0.0,0.0,0.0,0.0112742,0.010514599999999999,0.010857399999999998,0.010919700000000001,0.0160391,0.022125300000000004,0.0234287,0.0272838,0.032865000000000005,0.03940729999999999,0.048724,0.059954142857142866,0.06162741290322581,0.06180709615384614,0.06495775796178344,0.06405664556962025,0.06422150943396225,0.06731062874999996,0.07922705869565212,0.0881196416666666,0.08831244478527603,0.08849137499999994,0.08863183363636358,0.08766485240963849,0.09313664281437119,0.0937728348214285,0.09938431863905316,0.1177929,0.13042462631578947,0.14221744427945684
Japan,0.0,0.0,0.0,0.0,0.0,0.00242704,0.00235611,0.00248591,0.00253998,0.0030754700000000003,0.0037850700000000006,0.00367553,0.0053377400000000005,0.008276440000000001,0.01099732,0.010914400000000003,0.01136527,0.09870767000000001,0.11030233,0.12119022999999998,0.12699479,0.13803359,0.14792468,0.15986553,0.17046979,0.11341126,0.11651857,0.11860617000000001,0.11582831595959596,0.13502493595959597,0.14335605595959597,0.15304106191919192,0.1653488944185001,0.16322945957070706,0.16741198636363638,0.16564143719178082,0.166715150684042,0.17814066387096772,0.19284296538461537,0.2023603154689817,0.2442779443742413,0.24690379811320745,0.26058259546874984,0.25498705604335054,0.25309756594413224,0.2791000732753986,0.2892388966463413,0.3173989753542962,0.3799068532448184,0.47814624239402664,0.6215456810970985,0.616123756433849,0.7366695275598086,0.8658696841321805,1.0800812134136815
Malaysia,0.0,0.0,0.0,0.0,0.0,0.0,0.0,0.0,0.0,0.0,0.0,0.0,0.0,0.0,0.0,0.0,0.0,0.0,0.0,0.0,0.0,0.0,0.0,0.0,0.0,0.0,0.0,0.0,0.0,0.0,0.0,0.0,0.0,0.0,0.0,0.00570903,0.00570366116883117,0.00399181935483871,0.004084903846153846,0.005616756687898086,0.005737499999999998,0.006004181886792451,0.0072653293124999956,0.007571703913043474,0.013159586666666659,0.011854726288343552,0.014344075591463402,0.013989414981818172,0.01147122108433734,0.008428742514970052,0.009325714285714277,0.0096869822485207,0.009855,0.011650567537584984,0.015006947263194598
New Zealand,0.013480000000000002,0.01359,0.011340000000000001,0.01295,0.013269999999999999,0.012730000000000002,0.012560000000000002,0.012570000000000001,0.012430000000000002,0.01759722105263158,0.017868273684210526,0.017355115789473685,0.016586694736842107,0.016818273684210527,0.015582484210526316,0.01652143157894737,0.01619248421052632,0.016489852631578948,0.016670484210526318,0.01819095789473684,0.016908726315789473,0.017636989473684212,0.017585647368421053,0.01767947368421053,0.022609157894736838,0.026085368421052635,0.027851684210526313,0.027617961722488038,0.02884196384901648,0.027376416799574692,0.026826401010101007,0.02633823315257841,0.027309777660818723,0.031075268548644345,0.03348058192450824,0.03599582817650186,0.03421582489281054,0.03288369976818644,0.03193037558036673,0.03484468203160001,0.04108843520215613,0.043408955960916,0.04796399904122606,0.05503830578031624,0.06515557523991276,0.07564569714122035,0.08056418218280717,0.0819511319900379,0.08310697465150416,0.09233545119057827,0.09858329203857562,0.0980071171681508,0.09546078556316016,0.09412613699058714,0.09635355081834619
Pakistan,0.0,0.0,0.0,0.0,0.0,0.0,0.0,0.0,0.0,0.0,0.0,0.0,0.0,0.0,0.0,0.0,0.0,0.0,0.0,0.0,0.0,0.0,0.0,0.0,0.0,0.0,0.0,0.0,0.0,0.0,0.0,0.0,0.0,0.0,0.0,0.009267000000000001,0.00866437012987013,0.009484025806451612,0.01021078846153846,0.010489757961783436,0.0,0.0,1.9316249999999995e-06,1.5052919254658378e-05,5.031999999999998e-05,0.00012604196319018396,0.0002503042682926827,0.0006102845454545449,0.004993099698795177,0.009527703952095802,0.015570190714285701,0.02571267301775146,0.035804493,0.046129087050502615,0.061362425924087416
Philippines,0.0,0.0,0.0,0.0,0.0,0.0,0.0,0.0,0.0,0.0,0.0,0.0,1e-05,3e-05,0.006369400000000002,0.020448499999999998,0.03912190000000001,0.039078600000000005,0.0493498,0.053584599999999996,0.05942180000000001,0.055733000000000005,0.04895970000000001,0.0522291,0.0570166,0.0589576,0.05758,0.057,0.05667000000000001,0.0632,0.06135,0.06534,0.07237,0.08914,0.10594,0.11626,0.10374194805194804,0.101103318,0.09633550846153843,0.10019599681528661,0.09607459727848096,0.10122913018867923,0.09824358543749998,0.10249546024844716,0.09825279388888886,0.0940470631288343,0.09466427195121944,0.09745143054545445,0.09109619999999993,0.09777690377245499,0.11200053535714277,0.1255554575147928,0.122201415,0.12474570342331333,0.1272793314162858
Singapore,0.0,0.0,0.0,0.0,0.0,0.0,0.0,0.0,0.0,0.0,0.0,0.0,0.0,0.0,0.0,0.0,0.0,0.0,0.0,0.0,0.0,0.00085,0.00085,0.00085,0.00085,0.00085,0.0024500000000000004,0.0024500000000000004,0.0024500000000000004,0.0024500000000000004,0.0024500000000000004,0.0024500000000000004,0.0024500000000000004,0.0024500000000000004,0.0024500000000000004,0.0024500000000000004,0.004699285714285715,0.004668967741935484,0.004854807692307691,0.0046679617834394895,0.004625429667721517,0.004558868830188678,0.0047201379749999975,0.0049526809169254645,0.004993071038888887,0.005540329134662573,0.005691597527743898,0.005970769085454541,0.006620201699976304,0.007041513333475053,0.00784143132657914,0.00805753425853527,0.00807892206456924,0.008033297365222684,0.008478532240668803
South Korea,0.0,0.0,0.0,0.0,0.0,0.0,0.0,0.0,0.0,0.0,0.0,0.0,0.0,0.0,0.0,0.0,0.0,0.0,0.0,0.0,0.0,0.0,0.0,0.0,0.0,1e-05,1e-05,2e-05,3.0000000000000004e-05,3.0000000000000004e-05,0.00252,0.00406,0.0008200000000000001,0.00064,0.00097411,0.00100969,0.0010608066233766232,0.001983324193548387,0.002163743653846153,0.0034126135289581517,0.003913127312022911,0.004919317478594715,0.008489483696585217,0.014466513730338165,0.024184179709429966,0.03059620662548253,0.03477130973213037,0.03873482154001019,0.052772859151278925,0.07011677656264137,0.10004292356715883,0.12666218736599427,0.1712497697405206,0.21402258343719305,0.2606160064914309
Sri Lanka,0.0,0.0,0.0,0.0,0.0,0.0,0.0,0.0,0.0,0.0,0.0,0.0,0.0,0.0,0.0,0.0,0.0,0.0,0.0,0.0,0.0,0.0,0.0,0.0,0.0,0.0,0.0,0.0,0.0,0.0,0.0,0.0,0.0,0.0,3.5000000000000004e-05,3.832e-05,4.374504467532468e-05,5.04096361083871e-05,5.6980128184615374e-05,6.202657577579617e-05,9.006744504303795e-05,9.115072727547166e-05,8.971735022999996e-05,0.00014574797637763968,0.00031449292951111097,0.0008716956609865025,0.001231095798175609,0.0016597121626472716,0.0025379000954024074,0.003132659118783231,0.004091292857142853,0.004524816568047333,0.00592578,0.006884192979474866,0.007367118649669385
Taiwan,0.0,0.0,0.0,0.0,0.0,0.0,0.0,0.0,0.0,0.0,0.0,0.0,0.0,0.0,0.0,0.0,0.0,8.282489999999999e-05,4.545145e-05,3.50599e-05,2.9558800000000002e-05,4.5321e-05,2.8272000000000003e-05,3.10436e-05,0.0031721424000000008,0.003461438,0.00394528202,0.0042111909,0.0036348286000000003,0.0038535519000000005,0.005167886149999999,0.00595200458,0.005202695220000001,0.006172268445,0.007530775870000001,0.010596316495,0.01368456452181818,0.017194661053838704,0.017784784706249997,0.01825624661675159,0.01879275415727848,0.02046456688528301,0.02222315930446874,0.022889677279192538,0.024012807270277766,0.02707876797404906,0.03169289948240851,0.03172121493381816,0.03519982474292165,0.036318286305808356,0.03951635418729639,0.04067653398230765,0.047450272158,0.05710378870972105,0.07129867049504302
Thailand,0.0,0.0,0.0,0.0,0.0,0.0,0.0,0.0,0.0,0.0,0.0,0.0,0.0,0.0,0.0,0.0,0.0,0.0,0.0,0.0,0.0,0.0,4.92e-05,0.0003019000000000001,0.00021570000000000007,0.0002500899999999999,0.00029667000000000007,0.00020861,0.00029429,0.0005076354,0.0014274905999999998,0.0020712081,0.002735002650000001,0.0030951109499999987,0.004474332869999997,0.005268974909999998,0.006170548010844151,0.007426937519419356,0.012078107483076922,0.017949900505414,0.01797525379537973,0.01949728936698112,0.02351059060387498,0.020707725444037248,0.02170048135666665,0.03217559484478526,0.03804930186749998,0.04832997330818177,0.06668551534784091,0.0828851219046161,0.09146150864988209,0.11351508486701531,0.13451012930700001,0.15927932514526316,0.1908004425407293
Vietnam,0.0,0.0,0.0,0.0,0.0,0.0,0.0,0.0,0.0,0.0,0.0,0.0,0.0,0.0,0.0,0.0,0.0,0.0,0.0,0.0,0.0,0.0,0.0,0.0,0.0,0.0,0.0,0.0,0.0,0.0,0.0,0.0,0.0,0.0,0.0,0.0,0.0,0.0,0.0,0.0,0.00048417721518987327,0.0006254716981132074,0.0007554374999999996,0.0005388260869565216,0.0006951111111111106,0.0009536311656441713,0.0009571456097560969,0.000960617454545454,0.0012239631325301195,0.0012328776646706578,0.002307467678571426,0.002575370236686388,0.003187052999999999,0.004475297656162063,0.042326912984887916
Other Asia Pacific,0.0,0.0,0.0,0.0,0.0,0.0,0.0,0.0,0.0,0.0,0.0,0.0,0.0,0.0,0.0,0.0,0.0,0.0,0.0,1.0526315789473684e-05,0.0,0.0,0.0,0.0,0.0,0.00045,0.00045,0.0002,0.0002,0.0002,0.0002,0.00021640218000000002,4.919092e-05,5.8662070000000013e-05,5.8250670000000006e-05,0.0001013804898018146,0.00031973888645120516,0.00038939403947473174,0.00044735096313737005,0.0005825852901557987,0.0007152807370184965,0.0008647490788150009,0.0009234448892186312,0.0010084411225159925,0.001253904542486641,0.001419824194912281,0.0016216154227823337,0.0022591449374205676,0.0028923432599356606,0.0040408984387757365,0.005325116774247468,0.006448728856253666,0.007926180250196419,0.009648676454919994,0.012602043239113446
