Country,1965,1966,1967,1968,1969,1970,1971,1972,1973,1974,1975,1976,1977,1978,1979,1980,1981,1982,1983,1984,1985,1986,1987,1988,1989,1990,1991,1992,1993,1994,1995,1996,1997,1998,1999,2000,2001,2002,2003,2004,2005,2006,2007,2008,2009,2010,2011,2012,2013,2014,2015,2016,2017,2018,2019,2019.1,2008-18,2019.2,Unnamed: 59,Unnamed: 60
Canada,0.0,0.0,0.0,0.0,0.0,0.0,0.0,0.0,0.0,0.0,0.0,0.707,1.069,1.1320000000000001,1.345,1.3,1.8980000000000001,2.1390000000000002,2.085,2.337,1.678,1.8659999999999999,2.3129999999999997,2.4859999999999998,3.4779999999999998,3.9559191919191923,3.985919191919192,4.526052632,4.878052632,5.7940526320000005,7.20070790761281,7.596409537285306,8.237166888359386,9.059358985751958,9.118411329679404,9.197463354355932,10.020728148384515,10.473840900843408,10.130083521035113,10.763789473684211,10.72472947368421,11.408309473684213,11.996810210526316,11.802480457203615,15.693008357256778,19.27594981392876,20.973957947900054,23.1063068261563,23.67985396065922,24.73211496012759,39.848569856459335,45.564357501329084,45.944904284954816,47.07898070175439,49.29581165665162,0.04322686261579989,0.1414801212700696,0.017571021448587187,0.0,0.0
Mexico,0.0,0.0,0.0,0.0,0.0,0.0,0.0,0.0,0.161,0.463,0.518,0.579,0.592,0.598,1.0190000000000001,0.915,0.964,1.296,1.353,1.424,1.641,3.394,4.418,4.633,4.675,5.126,5.835512475377544,6.369522980958634,6.5047606697307945,6.2285254000069115,6.426443480664893,6.1965551543007225,5.901246224556796,6.16058603172409,6.0840013131976365,6.3846451083388045,6.2734970453053185,6.100060368399868,6.976712538701905,7.290834335946815,8.16551914,7.542386849999998,8.506912840999998,8.170158095999998,8.170422040777776,8.716160764111109,9.056245850888885,10.518245491777767,11.612804666888877,13.78383095566665,16.432147187222196,17.958810833333303,19.536797775989243,23.26351938811893,37.78882120789369,0.6183919846822261,0.10364010086118203,0.013469464557870459,0.0,0.0
US,13.332232095652646,14.06200689527286,14.07357074264804,15.546045096175943,16.22706037653718,16.23590253395494,16.58441397358133,18.672978440292397,19.98969177185428,20.40426480582133,19.754301961701323,22.564753541853655,23.536121862459233,24.67878665730967,25.756037242299385,26.65611631812324,27.37760327329065,26.405048945355972,29.810294113669265,35.607182700809915,36.40945199964598,38.720077251177365,42.67961297377268,42.404126916216306,51.24077698564594,60.64687788942052,64.01077461672078,68.14094648174127,70.43607446512935,70.33865844460962,66.97576619867787,68.63403758106347,69.67402688649226,69.19804372155645,71.52939390906374,72.75109334524501,74.21017169345146,82.84982312663247,83.24326502542407,86.9301121400648,91.33741416896791,100.76441679680872,109.76286708554585,131.10685948023348,149.86827801253258,173.68321202969088,201.90456711574262,228.31726030524823,266.2403230191412,296.77657492822965,315.8075258692185,367.4281844976077,417.7293073046252,451.62476176501866,489.8006048272196,0.08053132753045955,0.1248593165192815,0.17458474957047967,0.0,0.0
Total North America,13.332232095652646,14.06200689527286,14.07357074264804,15.546045096175943,16.22706037653718,16.23590253395494,16.58441397358133,18.672978440292397,20.15069177185428,20.867264805821332,20.272301961701324,23.850753541853656,25.197121862459234,26.40878665730967,28.120037242299386,28.87111631812324,30.239603273290648,29.840048945355974,33.24829411366927,39.36818270080992,39.72845199964598,43.98007725117736,49.41061297377268,49.523126916216306,59.393776985645935,69.72879708133972,73.83220628401752,79.0365220946999,81.81888776686014,82.36123647661654,80.60291758695558,82.4270022726495,83.81243999940844,84.4179887390325,86.73180655194078,88.33320180793974,90.5043968871413,99.42372439587575,100.35006108516109,104.98473594969582,110.22766278265212,119.71511312049293,130.26659013707217,151.0794980334371,173.73170841056714,201.67532260773075,231.93477091453155,261.9418126231823,301.53298164668934,335.2925208440239,372.08824291290006,430.95135283227006,483.2110093655692,521.967261854892,576.8852376917649,0.10113851198054546,0.12519229533097542,0.2056252355769373,0.0,0.0
Argentina,0.0,0.0,0.0,0.0,0.0,0.04754099125364432,0.049864613702623906,0.06435315192743764,0.049042434402332365,0.05006767142857142,0.05492264150943397,0.05020279154518951,0.05385510781671158,0.05413666208791209,0.08439376339285716,0.08625156794425087,0.0747225,0.09591246543778802,0.13731478405315617,0.09739279181184668,0.10332161428571429,0.10707892080745342,0.10815682330827067,0.12111604735152487,0.11937690789473686,0.10676328373015874,0.09960040431266848,0.1018654945054945,0.10743840277777778,0.11929003759398496,0.11559245729813666,0.3610154920634921,0.46022404999999994,0.4964392030075187,0.6852621428571428,0.7098083101045295,0.6587298502538071,0.9237006378737542,1.0920988583569404,0.972811090287307,1.1458735658582475,1.6371403145608934,1.6374105957797835,1.7356311616722535,1.7656637744454935,2.03869230654589,2.2184103780382434,2.8318565766127977,2.9257790051090913,2.9374602520582753,2.986276560844311,2.525040642560764,3.011638507707831,4.013160270653152,8.19297833926771,1.0340006794797256,0.08090091154975387,0.0029203089124440534,0.0,0.0
Brazil,0.0,0.0,0.0,0.0,0.0,0.5146915000000002,0.6333952500000001,0.7165701875000001,0.7508003750000001,0.7851518,0.8671775749999999,0.864337725,1.1168454625,1.3319440750000002,1.7760194000000002,1.8055082625,1.8736228750000001,2.1784744749999994,2.9844549499999995,2.8516788875000003,3.067125588592233,3.1939324238673135,3.565697314724919,3.339783794093851,3.403162338511326,3.8590625000000003,3.9996125625,4.929360737945206,4.983937033224442,5.388223648777489,5.593740488958306,6.754709628222037,7.382950998212702,7.510233012160118,8.378002280958722,7.856363000000001,9.025307,10.287146964757708,11.955463,12.536055704810552,13.683839278459237,15.082658984288528,18.72622591999538,20.969257301833977,24.113872126241535,34.118933451935845,35.333809719859126,40.81665086016292,47.552502422401915,59.305516260290446,71.56494040305446,84.90883214777287,96.117176985405,106.31881041921892,117.650277296403,0.10250010013564248,0.16919158932928724,0.04193531816061274,0.0,0.0
Chile,0.0,0.0,0.0,0.0,0.0,0.0,0.066,0.057,0.051000000000000004,0.046,0.051000000000000004,0.073,0.08,0.091,0.094,0.105,0.11,0.137,0.20800000000000002,0.201,0.195,0.28,0.271,0.327,0.321,0.963,1.033,1.743,1.75,1.786,1.879,1.738,1.743,1.161,1.45,1.375,1.69,1.788,1.702,2.036,1.797,1.438,2.7072000000000003,3.626344456000003,3.470696035600001,3.737803238000003,4.652021742000005,6.39190135470219,7.447838328000004,6.891706169000016,9.040877904999991,11.72431918103591,14.970817784080335,17.863867514976658,21.592622893363913,0.2042750867251073,0.1658256871035071,0.007696484290250204,0.0,0.0
Colombia,0.0,0.0,0.0,0.0,0.0,0.0,0.0,0.0,0.0,0.0,0.189,0.202,0.192,0.20600000000000002,0.216,0.227,0.212,0.231,0.234,0.255,0.267,0.266,0.268,0.274,0.274,0.274,0.269,0.34,0.389,0.444,0.47700000000000004,0.496,0.483,0.532,0.457,0.49783501369863015,0.49866875,0.49565125,0.501405,0.5269417260273973,0.56201125,0.5827074785004406,0.5570273758671577,0.5632674913525526,1.060995117674014,1.1485522393494332,1.4196596764757563,1.5309132887062111,1.4040585232067764,1.7991533138023459,1.8912775779027786,2.044691676648887,1.994330703079284,2.1864662859270725,2.2301341838870727,0.016211255258246737,0.13837614495524364,0.000794910039238999,0.0,0.0
Ecuador,0.0,0.0,0.0,0.0,0.0,0.0,0.0,0.0,0.0,0.0,0.0,0.0,0.0,0.0,0.0,0.0,0.0,0.0,0.0,0.0,0.0,0.0,0.0,0.0,0.0,0.0,0.0,0.0,0.0,0.0,0.0,0.0,0.0,0.0,0.0,0.0,0.0,0.0,0.0,0.00324057,0.10286867292999999,0.145570603742,0.219733048,0.21103361,0.219732092266,0.23899672458799998,0.281603159999,0.299077269997,0.35615451132500003,0.495696345126,0.5426152921080001,0.612510058939,0.5417299999999999,0.546304746831,0.706702665103,0.2888356671018091,0.09317907769608502,0.00025189741823883766,0.0,0.0
Peru,0.0,0.0,0.0,0.0,0.0,0.0,0.227,0.227,0.23,0.266,0.266,0.245,0.242,0.215,0.163,0.085,0.076,0.151,0.145,0.14200000000000002,0.169,0.154,0.136,0.136,0.145,0.136,0.133,0.133,0.109,0.11900000000000001,0.14200000000000002,0.13740000000000002,0.1546,0.1265,0.1396,0.1588,0.1642,0.1872,0.19720000000000001,0.1542,0.3492,0.3492,0.41819999999999996,0.4612,0.4612,0.6742,0.6762,0.7289,1.1581000000000001,1.7478,1.7316294744886702,1.9389334071582063,2.392221611,3.492425243634555,4.0220689778629835,0.14740882785417408,0.21704534213974003,0.0014336280893387358,0.0,0.0
Trinidad & Tobago,0.0,0.0,0.0,0.0,0.0,0.0,0.035,0.035,0.029,0.025,0.023,0.019,0.023,0.029,0.029,0.026000000000000002,0.019,0.018000000000000002,0.016,0.013000000000000001,0.017,0.026000000000000002,0.031,0.027,0.026000000000000002,0.031,0.025,0.03,0.028,0.032,0.033,0.017,0.018000000000000002,0.018000000000000002,0.018000000000000002,0.020127,0.029635,0.026965000000000003,0.013498,0.025175,0.024339,0.028686000000000003,0.021880999999999998,0.02313,0.022535,0.004004,0.004004,0.004004,0.004004,0.004488000000000001,0.005151,0.005151,0.005151,0.004669990925118327,0.004669990925118327,-0.0036870135190494313,-0.15297346273644608,1.6645736818675456e-06,0.0,0.0
Venezuela,0.0,0.0,0.0,0.0,0.0,0.0,0.0,0.0,0.0,0.0,0.0,0.0,0.0,0.0,0.0,0.0,0.0,0.0,0.0,0.0,0.0,0.0,0.0,0.0,0.0,0.0,0.0,0.0,0.0,0.0,0.0,0.0,0.0,0.0,0.0,0.0,0.0,0.0,0.0,0.0,0.0,0.0,0.0,0.0,0.0,0.00246,0.00298,0.00522,0.005347317073170732,0.00674780487804878,0.010044878048780488,0.010035508338020782,0.0100080889163322,0.008896079028454613,0.15969844863913327,16.8853670016991,0.0,5.69229874109534e-05,0.0,0.0
Central America,0.0,0.0,0.0,0.0,0.0,0.0,0.107,0.14100000000000001,0.11700000000000002,0.15600000000000003,0.338,0.7240000000000001,0.6990000000000001,0.752,0.6420000000000001,0.6821052631578949,1.1091052631578948,1.1981052631578946,1.0261052631578949,1.237105263157895,0.93699,0.86075,0.9105160000000001,0.883962,1.171867,1.2207556315789474,1.3350639157894737,1.8216531736842105,1.7220100210526317,1.6930572210526318,1.750838894736842,1.762015658487905,1.926544834157895,1.6785293609942105,2.513357517038421,2.980610943495169,3.2327683982982713,3.5807644339355305,3.776653619503695,3.975849573296662,4.19897395219485,4.568001844027468,4.996865938787647,5.117881532554935,5.716947236305389,6.551515717808583,6.843832847690711,8.098261625324962,8.78765016204357,10.042731979463674,11.860808537248834,13.362357939941926,13.317061319028369,15.693238572085619,16.735406842155914,0.06247688100150817,0.11184746800769707,0.005965175999585683,0.0,0.0
Other Caribbean,0.0,0.0,0.0,0.0,0.0,0.0,0.97,0.831,0.978,0.9840000000000001,1.012,1.103,1.193,1.3390000000000002,1.2890000000000001,1.292,1.308,1.4060000000000001,1.515,1.2890000000000001,1.209,1.2660000000000002,1.304,1.422,1.3889999999999998,1.603842105263158,1.3678421052631577,1.47,1.0657171717171716,1.1387777777777777,0.9587777777777778,1.2295367169590643,1.187021527979798,1.0495986328888889,1.2286559098001062,1.3751801359347935,1.3173306835373917,1.2442715961319966,1.030156150414559,1.148638616749352,0.8702659560194904,0.8838284138956296,1.0052062572014633,1.0957066897780647,1.1697278165200196,1.1512806350053908,1.3129818827939352,1.8995061640028548,2.377890876871363,2.4505133418830334,2.7420411751428126,2.9075039800293463,3.3178620926316036,3.455804472974986,4.364744090992396,0.258361476909053,0.11498355372652602,0.001555771361968703,0.0,0.0
Other South America,0.0,0.0,0.0,0.0,0.0,0.0,0.056,0.059000000000000004,0.061000000000000006,0.066,0.063,0.072,0.074,0.056,0.07900000000000001,0.08400000000000002,0.089,0.091,0.075,0.08,0.095,0.097,0.11,0.10700000000000001,0.095,0.111,0.11189473684210527,0.12384210526315789,0.13357894736842105,0.11984210526315789,0.12163157894736841,0.11957894736842106,0.11578947368421053,0.12878947368421054,0.13478947368421051,0.18674400000000002,0.18876400000000002,0.19079100000000002,0.18982100000000002,0.181194,0.178426,0.186544,0.2979489999046325,1.0681020000953674,1.1842320000953674,1.378430060423048,1.4916775041409351,1.721593245794367,1.9642214220909204,3.202025559895408,5.14437709335778,6.176355065677748,7.1271438876255635,8.331878563484311,8.488977573251079,0.015098639968496697,0.22066360762288784,0.0030258150135569132,0.0,0.0
Total S. & Cent. America,0.0,0.0,0.0,0.0,0.0,0.5622324912536445,2.144259863702624,2.130923339427438,2.2658428094023324,2.3782194714285714,2.864100216509434,3.3525405165451887,3.6737005703167114,4.074080737087912,4.372413163392858,4.392865093602147,4.871450638157897,5.506492203595681,6.340874997211051,6.166176942469741,6.059437202877946,6.250761344674768,6.704370138033189,6.637861841445374,6.944406246406063,8.305423520572264,8.374013724707407,10.69272151139807,10.288681576140442,10.84019079046504,11.071581197718434,12.615256443100922,13.471130884034608,12.701089682734946,15.004667324338604,15.160468403233123,16.80540368208947,18.72449088269899,20.458295628275195,21.560106281171272,22.91279767546183,24.902337639014956,30.587699135536063,34.87155424328715,39.18560119914782,51.04486837365619,54.2371809109977,64.3278843853033,73.98354656812182,88.88383902639725,107.52003989719643,126.21573060810266,142.8051419794743,161.91552215973985,184.1482813018513,0.13311757669643076,0.15894998603080746,0.06563789684632768,0.0,0.0
Austria,0.0,0.0,0.0,0.0,0.0,0.0,0.0,0.0,0.0,0.0,0.0,0.0,0.0,0.0,0.0,0.0,0.0,0.0,0.0,0.0,0.0,1.287501,0.9058160000000001,1.0469600000000001,1.1044500000000002,1.142485,1.225832,1.3291639999998917,1.3621110000000032,1.211555,1.859221,1.595444,1.7333889999999998,1.889777,1.6499118188815172,1.59827932,1.8448119999999995,1.7324439999999999,2.092921,3.00173,3.7894494704230164,5.0126824150303095,6.123030213990791,6.343681459707769,6.280936615531665,6.616156957024383,6.6270583293050676,7.407548569752252,8.363487271260293,8.967310230233155,10.280987628814271,11.022081311860749,12.761415572,12.321650044000002,13.573681091833,0.0975506281911851,0.06222306357567553,0.004838209040193339,0.0,0.0
Belgium,0.0,0.0,0.0,0.0,0.0,0.0,0.0,0.0,0.116,0.108,0.083,0.057,0.247,0.26,0.315,0.3,0.291,0.046,0.022,0.024,0.053,0.11900000000000001,0.14800000000000002,0.188,0.198,0.28900000000000003,0.307,0.276,0.253,0.254,0.33,0.322,0.28300000000000003,0.37,0.509,0.5840000000000001,0.634,0.778,0.945,1.1799999999999997,1.818,2.593,3.097,4.008,5.111000000000001,6.182428000000001,8.180934,10.101092999999999,11.29262,11.974700000000002,14.1939,13.9828,15.598099999999999,16.8373,18.60598244515918,0.10097117330858718,0.14740688169681038,0.006631924815296464,0.0,0.0
Bulgaria,0.0,0.0,0.0,0.0,0.0,0.0,0.0,0.0,0.0,0.0,0.0,0.0,0.0,0.0,0.0,0.0,0.0,0.0,0.0,0.0,0.0,0.0,0.0,0.0,0.0,0.0,0.0,0.0,0.0,0.0,0.0,0.0,0.0,0.0,0.0,0.0,0.0,0.0,0.0,0.001,0.005,0.02,0.04700000000000001,0.138,0.248,0.7310000000000001,1.018,2.101,2.8467130000000003,2.783792,3.105185,3.164614,3.30301,4.153226,4.291894060508301,0.029577920653698797,0.3971197254063603,0.0015298046640860946,0.0,0.0
Croatia,0.0,0.0,0.0,0.0,0.0,0.0,0.0,0.0,0.0,0.0,0.0,0.0,0.0,0.0,0.0,0.0,0.0,0.0,0.0,0.0,0.0,0.0,0.0,0.0,0.0,0.0,0.0,0.006,0.019,0.006,0.005,0.01,0.002,0.005,0.002,0.001,0.0,0.0,0.0,0.006,0.024,0.03,0.042,0.061,0.079016464,0.172016464,0.256016464,0.42500000000000004,0.653293959,0.9299999999999999,1.119,1.5110000000000001,1.8083,2.0804,2.3740613096892833,0.13694871829715738,0.41470105556180736,0.000846211489190131,0.0,0.0
Cyprus,0.0,0.0,0.0,0.0,0.0,0.0,0.0,0.0,0.0,0.0,0.0,0.0,0.0,0.0,0.0,0.0,0.0,0.0,0.0,0.0,0.0,0.0,0.0,0.0,0.0,0.0,0.0,0.0,0.0,0.0,0.0,0.0,0.0,0.0,0.0,0.0,0.0,0.0,0.0,0.000755,0.000921,0.001512,0.003489,0.015356000000000002,0.031356,0.07300000000000001,0.178,0.257,0.327,0.318,0.399752,0.424659,0.43522000000000005,0.46380000000000005,0.51372,0.10354874388743829,0.39761721263838634,0.00018311058962653737,0.0,0.0
Czech Republic,0.0,0.0,0.0,0.0,0.0,0.0,0.0,0.0,0.0,0.0,0.0,0.0,0.0,0.0,0.0,0.0,0.0,0.0,0.0,0.0,0.0,0.0,0.0,0.0,0.0,0.0,0.0,0.0,0.221,0.30900000000000005,0.405,0.292,0.494,0.587,0.683,0.517,0.5142,0.4956,0.4939,0.590831,0.6696599999999999,0.9619200000000001,1.314171,1.714124,2.238894,3.097441,5.220129,5.951819,6.543969,7.260473,7.6280850000000004,7.394550000000001,7.7489729999999994,7.776186,7.906700000000001,0.013034910714447179,0.15625977425179638,0.002818267731449317,0.0,0.0
Denmark,0.0,0.0,0.0,0.0,0.0,0.0,0.0,0.0,0.0,0.0,0.0,0.0,0.0,0.003,0.006,0.010499999999999999,0.010499999999999999,0.018499999999999996,0.0601,0.0662,0.0874,0.17660000000000003,0.23479999999999998,0.37170000000000003,0.5544,0.8203,1.0951,1.4364,1.7622,1.7103997093736998,1.8241404554852436,2.059244301068392,2.910186848607189,3.8984569760154164,4.348789530163458,5.542005559668148,5.818778653845485,6.7573409751567315,8.055654317172436,9.495704742118084,9.79041057660148,9.180121565051376,10.27875824847914,10.070993491504373,10.044507591993398,12.409513888888888,14.164338888888889,14.819805555555554,15.954319444444444,17.975872222222222,18.937852777777778,18.43849166666667,21.89921388888889,20.898404054407774,23.560956499000913,0.12324782661651801,0.06926919982322022,0.008398078012725326,0.0,0.0
Estonia,0.0,0.0,0.0,0.0,0.0,0.0,0.0,0.0,0.0,0.0,0.0,0.0,0.0,0.0,0.0,0.0,0.0,0.0,0.0,0.0,0.0,0.0,0.0,0.0,0.0,0.0,0.0,0.0,0.0,0.0,0.006,0.005,0.008,0.012,0.012,0.013,0.011,0.028399999999999998,0.032100000000000004,0.0386,0.0869,0.11430000000000001,0.127,0.171,0.5091,1.0191,1.1512,1.4352999999999998,1.1974,1.3471,1.5,1.4891,2.4195775147391436,1.8994835866506101,1.9375081024519765,0.016257522545278125,0.264581779428833,0.0006906062661492154,0.0,0.0
Finland,0.0,0.0,0.0,0.0,0.0,0.0,0.0,0.0,0.0,0.0,0.0,0.0,0.0,0.0,0.0,0.0,0.0,0.0,0.0,0.0,0.0,0.0,0.0,0.0,0.0,5.156499999999999,5.0001,4.953,5.963100000000001,6.473,6.6196,5.901,7.9088,9.3573,8.4134,8.666726315789475,8.283089473684209,8.997321052631577,9.386000000000001,10.493647368421051,9.650373684210525,10.91273157894737,10.1202,10.655663157894736,9.024478947368422,11.279210526315788,11.669542105263158,11.601263157894735,12.722831578947368,12.822463157894736,13.6567,14.512415789473682,16.0852,18.113100000000003,18.3585,0.009811239506794855,0.04815185363981134,0.006543712060380723,0.0,0.0
France,0.0,0.39,0.605,0.926,1.067,1.3702458,1.3918224,1.5151953,1.5500864,1.5770592,1.4158849,1.3329,1.3745814,1.4183881,1.4840102000000002,1.4710235,1.4921525,1.52734,1.5587000000000002,1.6223,1.65215,1.6628,1.7506,1.77325,1.84145,1.913271526,2.102489604,2.1359776040000003,1.97808518,2.1635825,2.3357542000000002,2.4330805,2.6895352000000003,2.6765857,2.89449193,3.03922325,3.4711605,3.80910345,4.1127673,4.385447984,4.84450076,6.03490605,8.304,10.171999999999999,12.664,15.482,19.61,24.321,26.156,28.98,34.964,37.199,41.4745695695992,46.9243012574016,54.9061316805991,0.1657859694220878,0.1581961657345965,0.01957076646061435,0.0,0.0
Germany,0.0,0.0,0.0,0.0,0.0,0.9200201613000001,1.001028226,1.01874874,1.0531048390000002,1.07625,1.124710181,1.277685232,1.246583921,1.317465978,1.443317792,1.96625378,1.804237651,1.798813004,1.540238155,1.642944808,1.644029738,1.596569556,1.447849294,1.645881804,1.775267893,1.507,1.572,1.8370000000000002,2.238,2.791,3.5170000000000003,4.1419999999999995,5.257,7.78,9.142999999999999,14.303999999999998,15.799000000000001,21.996000000000002,27.866999999999997,36.5372,42.8652,51.630399999999995,67.15140000000001,72.8036,76.1358,84.2277,106.36580000000001,121.28840000000001,129.34,142.938,169.809,169.125,196.18800000000002,206.78300000000002,224.101,0.07975383171424877,0.10336492563597766,0.07987866200633935,0.0,0.0
Greece,0.0,0.0,0.0,0.0,0.0,0.0,0.0,0.0,0.0,0.0,0.0,0.0,0.0,0.0,0.0,0.0,0.0,0.0,0.0,0.0,0.0,0.0,0.001,0.001,0.001,0.002,0.002,0.009000000000000001,0.04800000000000001,0.038,0.03500000000000001,0.036000000000000004,0.037,0.073,0.163,0.451,0.835,0.777,1.126,1.245,1.389,1.8140000000000003,2.003,2.4379999999999997,2.811,3.062,4.132,5.748,8.003,7.7010000000000005,8.752,9.350000000000001,9.838492,10.404981,11.559133422975211,0.10682708039315081,0.14922148219540698,0.004120142756078809,0.0,0.0
Hungary,0.0,0.0,0.0,0.0,0.0,0.0,0.0,0.0,0.0,0.0,0.0,0.0,0.0,0.0,0.0,0.0,0.0,0.0,0.0,0.0,0.0,0.0,0.0,0.0,0.0,0.017,0.024,0.046,0.039,0.045,0.056,0.05,0.053,0.06,0.065,0.065,0.07100000000000001,0.043000000000000003,0.165,0.731,1.6680000000000001,1.307,1.673,2.1439999999999997,2.667,2.825,2.4859999999999998,2.434181,2.5749049999999998,2.84954,2.995,2.999,3.261,3.519,4.256,0.20497529709091378,0.04448552369253678,0.0015170105688907243,0.0,0.0
Iceland,0.0,0.0,0.0,0.0,0.001904,0.012091000000000001,0.012033,0.021664000000000003,0.0242,0.005751,0.018347000000000002,0.019012,0.016126,0.018285,0.045630000000000004,0.04467200000000001,0.12313299999999999,0.15896800000000005,0.171714,0.173233,0.17123299999999997,0.212339,0.234136,0.24560800000000002,0.25750799999999996,0.28291000000000005,0.26702499999999996,0.229769,0.25427200000000005,0.258365,0.288177,0.343134288,0.37307241,0.652658067,1.135673,1.3226630000000001,1.4508629999999998,1.4304200153020006,1.4046782756394998,1.48238277502431,1.6590298229999998,2.63259802256,3.5806526811578947,4.037937016578947,4.55308681,4.4653225690000005,4.701470946000001,5.20950492,5.2504766730000005,5.2467503440000005,5.013876414,5.076489361,5.177725551,6.014196999999999,6.025126383365288,-0.0018764498509379335,0.034391129289004674,0.0021475987787752553,0.0,0.0
Ireland,0.0,0.0,0.0,0.0,0.0,0.0,0.0,0.0,0.0,0.0,0.0,0.0,0.0,0.0,0.0,0.0,0.0,0.0,0.0,0.0,0.0,0.0,0.0,0.0,0.0,0.0,0.0,0.0050009,0.0150027,0.01900342,0.01600288,0.041007379999999996,0.13102358,0.25404572000000003,0.27805004,0.33906102,0.43107757999999996,0.46908441999999995,0.5400971999999999,0.76413752,1.2423955909599997,1.750788985302,2.128760892970409,2.6193683240687093,3.2075279266914234,3.1306980027393854,4.717742022012327,4.451172602590691,5.02398300542508,5.678181849300972,7.0520390335630925,6.835342642270538,8.185376,9.500481,10.608654561018101,0.11252686134867274,0.1306752319230473,0.003781353639749823,0.0,0.0
Italy,2.676,3.351,3.4749999999999996,3.617,3.8120000000000003,4.228,4.209,3.807,3.8449999999999998,4.245,3.986,3.8120000000000003,3.73,3.811,3.825,3.96,3.4690000000000003,3.521,3.393,3.472,3.212,3.5010000000000003,3.693,3.787,3.2010202020202017,3.2769191919191925,3.299878787878788,3.566919191919192,3.7978383838383842,3.581717171717172,3.6756363636363636,4.184666666666667,4.603000000000001,5.257000000000001,5.950000000000001,6.68,7.5360000000000005,8.797,10.196,11.533000000000001,12.372,13.641000000000002,14.899999999999999,16.54,20.1187,25.8476,37.1388,50.34740000000001,59.234899999999996,62.13340000000001,63.3668,65.5902,67.69900000000001,65.62819999999999,67.622,0.026581207039273247,0.1408760817741881,0.024103216327426825,0.0,0.0
Latvia,0.0,0.0,0.0,0.0,0.0,0.0,0.0,0.0,0.0,0.0,0.0,0.0,0.0,0.0,0.0,0.0,0.0,0.0,0.0,0.0,0.0,0.0,0.0,0.0,0.0,0.0,0.0,0.0,0.0,0.0,0.0,0.001,0.002,0.002,0.002,0.005,0.006,0.020999999999999998,0.07200000000000001,0.087,0.08900000000000001,0.089,0.095,0.10300000000000001,0.096,0.115,0.1912,0.39620000000000005,0.6212,0.7702,0.9162,0.9533820000000001,1.08108,1.0670260000000003,1.1315760914334432,0.05658527073051167,0.2557892305142828,0.00040333949487983786,0.0,0.0
Lithuania,0.0,0.0,0.0,0.0,0.0,0.0,0.0,0.0,0.0,0.0,0.0,0.0,0.0,0.0,0.0,0.0,0.0,0.0,0.0,0.0,0.0,0.0,0.0,0.0,0.0,0.0,0.0,0.0,0.0,0.0,0.0,0.0,0.0,0.0,0.0,0.0,0.002,0.004,0.007,0.0072,0.0088,0.0387,0.1601,0.2001,0.25970000000000004,0.371,0.6321,0.7604,1.0045,1.1119,1.3301,1.6347,1.9339,1.695,2.093,0.2302555048404895,0.23076528479699898,0.0007460298685827741,0.0,0.0
Luxembourg,0.0,0.0,0.0,0.0,0.0,0.0,0.0,0.0,0.0,0.0,0.0,0.0,0.013000000000000001,0.015,0.016,0.015,0.018000000000000002,0.018000000000000002,0.017,0.019,0.018000000000000002,0.017,0.022,0.023,0.019,0.012505,0.013976,0.01177,0.014712,0.01508,0.019493,0.015448,0.019919,0.028068,0.03685000000000001,0.047134999999999996,0.049658999999999995,0.051553,0.061717999999999995,0.091173,0.11611199999999999,0.134316,0.14785399999999999,0.150268,0.161973,0.16037099999999999,0.18277300000000002,0.209754,0.250976,0.28984200000000004,0.33153299999999997,0.341792,0.5146660000000001,0.591702,0.6683444026384497,0.12536413226681775,0.14000466803747935,0.0002382249817813642,0.0,0.0
Netherlands,0.0,0.0,0.0,0.0,0.0,0.0,0.0,0.0,0.0,0.0,0.803,0.872,0.867,1.211,1.106,1.024,1.085,0.265,0.231,0.017,0.441,0.554,0.7040000000000001,0.851,0.923,0.7260000000000001,0.838,0.9,1.038,1.1770100000000001,1.335,1.7550000000000001,1.9400000000000002,2.233781,2.438608,2.849904,3.196094,3.8697920000000003,3.8962740000000005,5.225046,7.377918,7.963223,7.498994000000001,9.380115,10.738776999999999,11.110555999999999,12.284074,12.439186999999999,12.097048000000001,11.595278,13.601382,14.634462,17.372496,18.811968,22.280461000000003,0.18001012116767057,0.06562790207943414,0.00794165761671936,0.0,0.0
North Macedonia,0.0,0.0,0.0,0.0,0.0,0.0,0.0,0.0,0.0,0.0,0.0,0.0,0.0,0.0,0.0,0.0,0.0,0.0,0.0,0.0,0.0,0.0,0.0,0.0,0.0,0.0,0.0,0.0,0.0,0.0,0.0,0.0,0.0,0.0,0.0,0.0,0.0,0.0,0.0,0.0,0.0,0.0,0.0,0.0,0.0,2.6e-05,0.001173,0.002836,0.009051,0.08501500000000001,0.163586,0.169216,0.185782,0.174176,0.180136,0.030405085274277432,0.0,6.42077574806625e-05,0.0,0.0
Norway,0.0,0.0,0.0,0.0,0.0,0.0,0.0,0.0,0.0,0.0,0.0,0.0,0.0,0.0,0.0,0.0,0.0,0.0,0.0,0.0,0.005,0.026000000000000002,0.021,0.027,0.029,0.213,0.209,0.227,0.243,0.27,0.289,0.303,0.241,0.27,0.28727600000000003,0.291499,0.28905800000000004,0.294203,0.5559959999999999,0.624719,0.84623,1.0311000000000001,1.2851000000000001,1.3174000000000001,1.2117,1.2311,1.6304999999999998,1.8829,2.2868,2.4866,2.7843999999999998,2.372542,3.1047535741898287,4.1663252383073495,5.910886088422377,0.4134980431574178,0.11528671134103319,0.002106878916270183,0.0,0.0
Poland,0.026000000000000002,0.038,0.044,0.047,0.084,0.059000000000000004,0.101,0.185,0.223,0.23500000000000001,0.211,0.183,0.265,0.262,0.24,0.248,0.269,0.269,0.362,0.34500000000000003,0.397,0.368,0.193,0.094,0.10300000000000001,0.055,0.083,0.111,0.061,0.051000000000000004,0.068,0.133,0.171,0.224,0.197,0.226,0.458,0.488,0.579,0.9924000000000001,1.6458,2.2488,3.0774999999999997,4.454,6.3033,7.968499999999999,10.806000000000001,14.8424,14.627600000000001,17.662,20.851,20.669,21.562,19.647,23.097,0.17126487752585695,0.15302196274704372,0.008232705147948558,0.0,0.0
Portugal,0.20700000000000002,0.2,0.192,0.228,0.28,0.186,0.14300000000000002,0.113,0.2,0.18,0.23600000000000002,0.23,0.234,0.232,0.258,0.32,0.311,0.353,0.405,0.373,0.548,0.606,0.614,0.653,0.663010101010101,0.693959595959596,0.813959595959596,0.8908383838383839,0.9155555555555556,0.9840000000000001,1.046,1.03,1.1260000000000001,1.1694,1.3621999999999999,1.5454,1.7076,1.9328,1.9826000000000001,2.4499,3.4988,4.719,6.144,7.842000000000001,10.008,12.207999999999998,12.577000000000002,13.750000000000002,15.741324431000002,15.993080998,15.711360169999999,16.538,16.677000000000003,17.008,18.56,0.08722771807893004,0.07400330420308499,0.006615534811703911,0.0,0.0
Romania,0.0,0.0,0.0,0.0,0.0,0.0,0.0,0.0,0.0,0.0,0.0,0.0,0.0,0.0,0.0,0.0,0.0,0.0,0.0,0.0,0.0,0.0,0.0,0.0,0.0,0.0020627325890483785,0.0,0.002,0.001,0.0,0.0,0.0,0.011,0.011,0.0,0.0,0.0,0.003,0.003,0.004,0.006,0.005,0.038000000000000006,0.029,0.020010101010101013,0.419020202020202,1.586,2.8600000000000003,5.192,6.5239,9.568999999999999,8.940999999999999,9.788168,8.53013,9.02285871787861,0.0538633427398314,0.7548449157501882,0.003216111850711857,0.0,0.0
Slovakia,0.0,0.0,0.0,0.0,0.0,0.0,0.0,0.0,0.0,0.0,0.0,0.0,0.0,0.0,0.0,0.0,0.0,0.0,0.0,0.0,0.0,0.0,0.0,0.0,0.0,0.0,0.0,0.0,0.0,0.0,0.0,0.0,0.0,0.0,0.0,0.0,0.154,0.152,0.101,0.026000000000000002,0.039,0.404,0.48300000000000004,0.524,0.543,0.685,1.221,1.371,1.505,2.02,2.1740000000000004,2.2700164383561647,2.208,2.216,1.9057175422161816,-0.1431899206342323,0.1481716609956174,0.0006792748244507527,0.0,0.0
Slovenia,0.0,0.0,0.0,0.0,0.0,0.0,0.0,0.0,0.0,0.0,0.0,0.0,0.0,0.0,0.0,0.0,0.0,0.0,0.0,0.0,0.0,0.0,0.0,0.0,0.0,0.0,0.0,0.0,0.0,0.0,0.0,0.0,0.0,0.0,0.031,0.07,0.07200000000000001,0.10200000000000001,0.122,0.121,0.11,0.099,0.10400000000000001,0.292,0.197,0.234,0.318,0.43000000000000005,0.48,0.52,0.547,0.5560164383561644,0.5834720000000001,0.537501,0.5537044425087108,0.026347721666793777,0.05653191163538995,0.0001973626624359635,0.0,0.0
Spain,0.0,0.0,0.0,0.0,0.0,0.047,0.052000000000000005,0.061,0.056,0.051000000000000004,0.113,0.187,0.309,0.316,0.251,0.362,0.424,0.487,0.56,0.55,0.611,0.538,0.5630000000000001,0.673,0.5970606060606062,0.562,0.5640000000000001,0.686,0.704,0.8240000000000001,1.2960000000000003,1.459,2.218,2.898,4.485,6.238,8.414,11.958,15.3,19.086,23.87,26.19,30.974,38.779,47.36264693900096,54.563429903877925,55.62753628360237,66.4149189136135,74.168439870229,71.10008358223308,68.94759702661904,68.22038104206712,69.52567117,69.815546925,77.49040673188183,0.10583819729440203,0.05418912191176717,0.02762071569546656,0.0,0.0
Sweden,0.0,0.0,0.0,0.0,0.0,0.13,0.16,0.226,0.399,0.357,0.31,0.354,0.36,0.276,0.34700000000000003,0.721,0.921,1.002,1.45,1.853,1.808,1.986,1.965,2.046,2.194,1.949,1.873,2.0410000000000004,2.224,2.305,2.46,2.263,2.977,3.089,3.056,4.556,4.261,4.784999999999999,5.191,8.053,8.442,9.348,11.269,12.337,13.952,15.703000000000001,17.627000000000002,19.378,21.327,21.977,27.130000000000003,27.110078,29.915000000000003,28.927,33.59175684026279,0.15697803362478302,0.08241140505736366,0.011973461032491993,0.0,0.0
Switzerland,0.0,0.0,0.0,0.0,0.0,0.0,0.0,0.0,0.0,0.0,0.0,0.0,0.0,0.098,0.28700000000000003,0.17300000000000001,0.436,0.39,0.396,0.369,0.365,0.458,0.511,0.513,0.529,0.439,0.438,0.488,0.495,0.555,0.5800000000000001,0.622,0.667,0.7000000000000001,0.762,0.847,0.893,0.929,0.9530000000000001,0.994,1.045,1.174,1.224,1.285,1.306,1.403,1.623,1.9140000000000001,2.197,2.614,2.8299999999999996,3.167,3.654,3.877,4.143664805909568,0.06484061329681956,0.11004924020161799,0.0014769697613969326,0.0,0.0
Turkey,0.1,0.122,0.17300000000000001,0.179,0.178,0.166,0.162,0.17500000000000002,0.197,0.20700000000000002,0.22,0.161,0.218,0.137,0.145,0.136,0.11,0.0,0.0,0.0221,0.006,0.0436,0.0579,0.0684,0.0626,0.08009999999999999,0.1197,0.1167,0.134,0.13,0.3083,0.2591,0.37679999999999997,0.3315,0.2344,0.27490000000000003,0.336,0.2826,0.22899999999999998,0.2269,0.1874,0.27835,0.6060420000000001,1.1511950000000002,2.182759,3.9199740000000003,5.763902538461538,7.356279787144362,9.806392615384615,11.984014,16.512133,23.01343,29.044600000000003,37.829515,45.33414012370379,0.1939617131277842,0.4094548371755429,0.01615892145188715,0.0,0.0
Ukraine,0.0,0.0,0.0,0.0,0.0,0.0,0.0,0.0,0.0,0.0,0.0,0.0,0.0,0.0,0.0,0.0,0.0,0.0,0.0,0.0,0.0,0.0,0.0,0.0,0.0,0.0,0.0,0.0,0.0,0.0,0.0,0.0,0.0,0.003,0.003,0.006,0.016,0.022,0.031,0.033,0.038,0.035,0.326,0.309,0.18200000000000002,0.238,0.2536,0.7555000000000001,1.3096,1.6892,1.7059000000000002,1.5806,1.915,2.516044977230915,5.037072552673899,0.9945990010079118,0.22591107538711097,0.0017954164235610159,0.0,0.0
United Kingdom,0.0,0.0,0.0,0.0,0.0,0.0,0.0,0.0,0.0,0.0,0.0,0.0,0.0,0.0,0.0,0.0,0.0,0.0,0.0,0.00101010101010101,0.00101010101010101,0.00101010101010101,0.0,0.00101010101010101,0.009000000000000001,0.6048,0.6969,0.9672000000000001,1.415,1.8625,2.0336,2.2926,2.7768000000000006,3.5312,4.2801,4.8288,5.492999999999999,6.3421,7.464700000000001,9.3069,12.0223,13.523899999999998,14.61231866541498,16.763525685723955,20.015919389022343,22.588890063133903,29.520425739953716,35.938880391301005,48.51230427767422,58.634553194359555,77.0665602347179,77.6232180861239,92.89093452170565,104.5290019387611,113.36367076941566,0.0805201933228985,0.19363108547070174,0.04040739818737125,0.0,0.0
Other Europe,0.0,0.0,0.0,0.0,0.0,0.0,0.0,0.0,0.0,0.0,0.0,0.0,0.0,0.0,0.0,0.0,0.0,0.0,0.0,0.0,0.0,0.0,0.0,0.0,0.0,0.0,0.0,0.0,0.00042727272727272736,0.0006111111111111111,0.0005757575757575758,0.014871358585858587,0.013412555555555556,0.014837015151515153,0.012369676767676767,0.011839282828282827,0.01176559090909091,0.01127858585858586,0.014414732323232324,0.034351848484848485,0.03911046464646464,0.04713582831134218,0.060357917792272085,0.05038660101010101,0.057426573096689554,0.05881663889120083,0.07377182828282829,0.09938559518140305,0.1459686945757576,0.2092085913104661,0.40168784775829275,0.5250362064271726,0.84068550865673,1.0829685418986912,2.0208853637933215,0.8591808111125332,0.3508684367500492,0.0007203252949697003,0.0,0.0
Total Europe,3.009,4.101,4.489,4.997000000000001,5.422904,7.1183569613,7.231883625999999,7.122608040000001,7.663391238999999,8.0420602,8.520942081000001,8.485597232,8.880291321,9.375139078000002,9.768957992,10.751449280000001,10.764023151,9.854621004,10.166752155000001,10.5497879090101,11.019822839010104,13.153419657010101,13.066101294000001,14.008809905010104,14.06176680209091,19.744813046467836,20.544960987838383,22.27173907975747,25.196304092121217,27.034823912201986,30.40850065669737,31.56259649432092,39.02293859416276,47.37860947816694,52.43511999581264,64.92043574828591,72.05915779843878,87.3590404989489,102.98082082513518,128.84902623804828,151.25631136984148,174.96548544520235,208.99872861980555,238.8997137364886,270.32261635771494,313.59787121589164,379.5360881457697,448.7011294930336,506.7671038209408,547.172458169554,625.3476171332505,638.4346139826021,716.6803818707791,756.3396155636581,836.5863310293394,0.10202058541627324,0.11540631373038002,0.29819321098708207,0.0,0.0
Azerbaijan,0.0,0.0,0.0,0.0,0.0,0.0,0.0,0.0,0.0,0.0,0.0,0.0,0.0,0.0,0.0,0.0,0.0,0.0,0.0,0.0,0.0,0.0,0.0,0.0,0.0,0.0,0.0,0.0,0.0,0.0,0.0,0.0,0.0,0.0,0.0,0.0,0.0,0.0,0.0,0.0,0.0,0.0,0.0,0.0,0.0021,0.0005,0.0,0.0,0.0686,0.0922,0.1001,0.14535,0.14445000000000002,0.20256,0.25954434389140274,0.27659656589001935,0.0,9.251210356651003e-05,0.0,0.0
Belarus,0.0,0.0,0.0,0.0,0.0,0.0,0.0,0.0,0.0,0.0,0.0,0.0,0.0,0.0,0.0,0.0,0.0,0.0,0.0,0.0,0.0,0.0,0.0,0.0,0.0,0.0,0.0,0.0,0.0,0.0,0.0,0.0,0.0,0.0,0.0,0.0,0.0,0.0,0.0,0.00101010101010101,0.001,0.003,0.015,0.034,0.061,0.085,0.099,0.101,0.0904,0.09,0.14200000000000002,0.193,0.292,0.326,0.3400158009473235,0.03914772421024604,0.24611133028622767,0.00012119538619053911,0.0,0.0
Kazakhstan,0.0,0.0,0.0,0.0,0.0,0.0,0.0,0.0,0.0,0.0,0.0,0.0,0.0,0.0,0.0,0.0,0.0,0.0,0.0,0.0,0.0,0.0,0.0,0.0,0.0,0.0,0.0,0.0,0.0,0.0,0.0,0.0,0.0,0.0,0.0,0.0,0.0,0.0,0.0,0.0,0.0,0.0,0.0,0.0,0.0,0.0,0.000147,0.0026860000000000005,0.0053361,0.0145042,0.17836929999999998,0.3652459,0.4345534,0.5290071,0.7915863019521538,0.49084523167148775,0.0,0.00028215338022804083,0.0,0.0
Russian Federation,0.0,0.0,0.0,0.0,0.0,0.0,0.0,0.0,0.0,0.0,0.0,0.0,0.0,0.0,0.0,0.0,0.0,0.0,0.0,0.0,0.0,0.0,0.0,0.0,0.0,0.065,0.065,0.063,0.06,0.061,0.059,0.057,0.057,0.057999999999999996,0.057999999999999996,0.081,0.11720000000000001,0.1795,0.3744,0.45680000000000004,0.4581,0.5109,0.4911,0.4941,0.5012,0.5411,0.5638,0.512311506849315,0.4968,0.810506,0.964837,1.0623205,1.202179,1.384492,1.8201420000000001,0.3098169666848276,0.10187044984579807,0.0006487722393989429,0.0,0.0
Turkmenistan,0.0,0.0,0.0,0.0,0.0,0.0,0.0,0.0,0.0,0.0,0.0,0.0,0.0,0.0,0.0,0.0,0.0,0.0,0.0,0.0,0.0,0.0,0.0,0.0,0.0,0.0,0.0,0.0,0.0,0.0,0.0,0.0,0.0,0.0,0.0,0.0,0.0,0.0,0.0,0.0,0.0,0.0,0.0,0.0,0.0,0.0001595,0.00045675,0.0009814315068493152,0.00184875,0.0031174999999999996,0.00522,0.006979068493150684,0.006959999999999999,0.00696,0.00696,-0.0036870135190495423,0.0,2.480825554388966e-06,0.0,0.0
USSR,0.0,0.0,0.0,0.0,0.0,0.0,0.0,0.0,0.0,0.0,0.0,0.0,0.0,0.0,0.0,0.0,0.0,0.0,0.0,0.0,0.0,0.0,0.0,0.0,0.0,0.0,0.0,0.0,0.0,0.0,0.0,0.0,0.0,0.0,0.0,0.0,0.0,0.0,0.0,0.0,0.0,0.0,0.0,0.0,0.0,0.0,0.0,0.0,0.0,0.0,0.0,0.0,0.0,0.0,0.0,0.0,0.0,0.0,0.0,0.0
Uzbekistan,0.0,0.0,0.0,0.0,0.0,0.0,0.0,0.0,0.0,0.0,0.0,0.0,0.0,0.0,0.0,0.0,0.0,0.0,0.0,0.0,0.0,0.0,0.0,0.0,0.0,0.0,0.0,0.0,0.0,0.0,0.0,0.0,0.0,0.0,0.0,0.0,0.0,0.0,0.0,0.0,0.0,0.0,0.0,0.0,0.0,0.0,0.0,0.0,0.0,0.0,0.0,0.0003,0.0007,0.0016333333333333332,0.00381111111111111,1.3247303017888838,0.0,1.3584341717040472e-06,0.0,0.0
Other CIS,0.0,0.0,0.0,0.0,0.0,0.0,0.0,0.0,0.0,0.0,0.0,0.0,0.0,0.0,0.0,0.0,0.0,0.0,0.0,0.0,0.0,0.0,0.0,0.0,0.0,0.0,0.0,0.0,0.0,0.0,0.0,0.0,0.0,0.0,0.0,0.0,0.0,0.0,0.0,0.0,0.0,0.0026,0.0029,0.0019,0.004307375,0.004180625,0.003166,0.005323820547945206,0.01100775,0.026120750000000005,0.03114875,0.029767705479452056,0.042243750000000004,0.05744375,0.06714375,0.16455123640135483,0.3977577045852192,2.3932748680675887e-05,0.0,0.0
Total CIS,0.0,0.0,0.0,0.0,0.0,0.0,0.0,0.0,0.0,0.0,0.0,0.0,0.0,0.0,0.0,0.0,0.0,0.0,0.0,0.0,0.0,0.0,0.0,0.0,0.0,0.065,0.065,0.063,0.06,0.061,0.059,0.057,0.057,0.057999999999999996,0.057999999999999996,0.081,0.11720000000000001,0.1795,0.3744,0.45781010101010106,0.4591,0.5165000000000001,0.509,0.53,0.568607375,0.6309401250000001,0.66656975,0.6223027589041096,0.6739926,1.03644845,1.42167505,1.8029631739726026,2.1230861500000002,2.5080961833333335,3.2892033079019916,0.30659900230920334,0.1611539618734925,0.0011724051177908017,0.0,0.0
Iran,0.0,0.0,0.0,0.0,0.0,0.0,0.0,0.0,0.0,0.0,0.0,0.0,0.0,0.0,0.0,0.0,0.0,0.0,0.0,0.0,0.0,0.0,0.0,0.0,0.0,0.0,0.0,0.0,0.0,0.0,0.0,0.0,0.0,0.0,0.035,0.0365,0.0337,0.0303,0.027600000000000003,0.0463,0.0709,0.12539999999999998,0.141,0.196,0.2282,0.2198,0.2362,0.22760000000000002,0.2313,0.245,0.26,0.2911,0.416503,0.49109571450401845,0.5525169174128368,0.12092157152051008,0.08961728465876728,0.00019693938045258386,0.0,0.0
Iraq,0.0,0.0,0.0,0.0,0.0,0.0,0.0,0.0,0.0,0.0,0.0,0.0,0.0,0.0,0.0,0.0,0.0,0.0,0.0,0.0,0.0,0.0,0.0,0.0,0.0,0.0,0.0,0.0,0.0,0.0,0.0,0.0,0.0,0.0,0.0,0.0,0.0,0.0,0.0,0.0,0.0,0.0,0.0,0.0,0.0,0.0,0.0,0.0,0.0463,0.0573,0.057305,0.057305,0.057305,0.057305,0.057305,-0.0036870135190494313,0.0,2.0425820171589043e-05,0.0,0.0
Israel,0.0,0.0,0.0,0.0,0.0,0.0,0.0,0.0,0.0,0.0,0.0,0.0,0.0,0.0,0.0,0.0,0.0,0.0,0.0,0.0,0.0,0.0,0.0,0.0,0.0,0.0,0.0,0.0,0.0,0.0,0.0,0.0,0.0,0.0,0.0,0.0,0.01,0.011,0.012,0.011,0.011,0.01,0.01,0.016,0.07500000000000001,0.139,0.272,0.451,0.5431,0.9084000000000001,1.235,1.6853227569664182,1.672784214555476,1.738974,2.8845983866535816,0.6526772875298659,0.5885477990159538,0.0010281875562872685,0.0,0.0
Kuwait,0.0,0.0,0.0,0.0,0.0,0.0,0.0,0.0,0.0,0.0,0.0,0.0,0.0,0.0,0.0,0.0,0.0,0.0,0.0,0.0,0.0,0.0,0.0,0.0,0.0,0.0,0.0,0.0,0.0,0.0,0.0,0.0,0.0,0.0,0.0,0.0,0.0,0.0,0.0,0.0,0.0,0.0,0.0,0.0,0.0,0.0,0.0,0.0,0.000182,0.003278,0.00509,0.048814,0.066334,0.08320059538328647,0.1598703990587641,0.9144208524274011,0.0,5.6984277496457435e-05,0.0,0.0
Oman,0.0,0.0,0.0,0.0,0.0,0.0,0.0,0.0,0.0,0.0,0.0,0.0,0.0,0.0,0.0,0.0,0.0,0.0,0.0,0.0,0.0,0.0,0.0,0.0,0.0,0.0,0.0,0.0,0.0,0.0,0.0,0.0,0.0,0.0,0.0,0.0,0.0,0.0,0.0,0.0,0.0,0.0,0.0,0.0,0.0,0.0,0.0,0.0,0.0012,0.0012,0.0037,0.003719,0.003719,0.0037552343188598752,0.0037552343188598752,-0.0036870135190496534,0.0,1.3385174225497158e-06,0.0,0.0
Qatar,0.0,0.0,0.0,0.0,0.0,0.0,0.0,0.0,0.0,0.0,0.0,0.0,0.0,0.0,0.0,0.0,0.0,0.0,0.0,0.0,0.0,0.0,0.0,0.0,0.0,0.0,0.0,0.0,0.0,0.0,0.0,0.0,0.0,0.0,0.0,0.0,0.0,0.0,0.0,0.0,0.0,0.0,0.0,0.0,0.0,0.0,0.115938,0.115938,0.118595,0.12135,0.12135,0.123208,0.123208,0.123208,0.123208,-0.0036870135190495423,0.0,4.3916315359936174e-05,0.0,0.0
Saudi Arabia,0.0,0.0,0.0,0.0,0.0,0.0,0.0,0.0,0.0,0.0,0.0,0.0,0.0,0.0,0.0,0.0,0.0,0.0,0.0,0.0,0.0,0.0,0.0,0.0,0.0,0.0,0.0,0.0,0.0,0.0,0.0,0.0,0.0,0.0,0.0,0.0,0.0,0.0,0.0,0.0,0.0,0.0,0.0,0.000609,0.000609,0.004089000000000001,0.004959,0.023577,0.039063,0.042195,0.129195,0.129195,0.155295,0.38109324444115156,1.7810423903859423,3.6562768794727445,0.8924498187017607,0.000634835556827508,0.0,0.0
United Arab Emirates,0.0,0.0,0.0,0.0,0.0,0.0,0.0,0.0,0.0,0.0,0.0,0.0,0.0,0.0,0.0,0.0,0.0,0.0,0.0,0.0,0.0,0.0,0.0,0.0,0.0,0.0,0.0,0.0,0.0,0.0,0.0,0.0,0.0,0.0,0.0,0.0,0.0,0.0,0.0,0.0,0.0,0.0,0.0,0.0,0.006354,0.018424,0.020696,0.024242,0.08701199999999999,0.31740900000000005,0.31819299999999995,0.346511,0.7927599999999999,1.3215731809423568,4.176367664832559,2.1484971099555694,0.0,0.0014886263832529288,0.0,0.0
Other Middle East,0.0,0.0,0.0,0.0,0.0,0.0,0.0,0.0,0.0,0.0,0.0,0.0,0.0,0.0,0.0,0.0,0.0,0.0,0.0,0.0,0.0,0.0,0.0,0.0,0.0,0.001,0.001,0.001,0.001,0.001,0.001,0.001,0.003,0.003,0.003,0.006,0.008,0.008,0.009000000000000001,0.010100000000000001,0.0091,0.010100000000000001,0.014100000000000001,0.017,0.015300000000000001,0.0188385,0.020083000000000004,0.02253360273972603,0.03254,0.057452500000000004,0.334395,1.4577599178082192,2.2006459999999994,3.290822323075096,3.59537334690557,0.08851733855451771,0.6829395933486047,0.0012815365052546441,0.0,0.0
Total Middle East,0.0,0.0,0.0,0.0,0.0,0.0,0.0,0.0,0.0,0.0,0.0,0.0,0.0,0.0,0.0,0.0,0.0,0.0,0.0,0.0,0.0,0.0,0.0,0.0,0.0,0.001,0.001,0.001,0.001,0.001,0.001,0.001,0.003,0.003,0.038000000000000006,0.042499999999999996,0.0517,0.049300000000000004,0.048600000000000004,0.0674,0.091,0.1455,0.1651,0.229609,0.32546299999999995,0.40015150000000005,0.6698759999999999,0.8648906027397261,1.099292,1.7535845,2.4642280000000003,4.142934674774637,5.488554214555476,7.491027292664769,13.334037339568113,0.7734382808406253,0.40843958864469276,0.004752790312525465,0.0,0.0
Algeria,0.0,0.0,0.0,0.0,0.0,0.0,0.0,0.0,0.0,0.0,0.0,0.0,0.0,0.0,0.0,0.0,0.0,0.0,0.0,0.0,0.0,0.0,0.0,0.0,0.0,0.0,0.0,0.0,0.0,0.0,0.0,0.0,0.0,0.0,0.0,0.0,0.0,0.0,0.0,0.0,0.0,0.0,0.0,0.0,0.0,0.0091,0.01811875,0.02672301369863014,0.028600000000000004,0.061,0.077,0.26405205479452054,0.523,0.613,0.625,0.015816666477314945,0.0,0.00022277528326050344,0.0,0.0
Egypt,0.0,0.0,0.0,0.0,0.0,0.0,0.0,0.0,0.0,0.0,0.0,0.0,0.0,0.0,0.0,0.0,0.0,0.0,0.0,0.0,0.0,0.0,0.0,0.0,0.0,0.0,0.0,0.0,0.0,0.0,0.0,0.0,0.0,0.0,0.012,0.08070000000000001,0.1799,0.2135,0.28700000000000003,0.5050505050505051,0.5111111111111112,0.6060606060606061,0.6636363636363636,0.9313131313131312,1.0393939393939395,1.4343434343434343,1.7393939393939397,1.8404040404040405,1.6020202020202021,1.1676767676767679,1.9365454545454548,2.6303800303030305,2.7121212121212124,3.5404040404040407,6.468686868686869,0.8203675792935823,0.1360009294079092,0.002305701679192346,0.0,0.0
Morocco,0.0,0.0,0.0,0.0,0.0,0.0,0.0,0.0,0.0,0.0,0.0,0.0,0.0,0.0,0.0,0.0,0.0,0.0,0.0,0.0,0.0,0.0,0.0,0.0,0.0,0.0,0.0,0.0,0.0,0.0,0.0,0.0,0.0,0.0,0.0,0.064,0.2058,0.19400101010101012,0.2029010101010101,0.19900101010101012,0.2064010101010101,0.1833010101010101,0.2790010101010101,0.2983010101010101,0.3912010101010101,0.65890101010101,0.6923010101010101,0.7281012828282828,1.2150010101010102,1.9239010101010101,2.5251,3.4015999999999997,3.4502000000000006,4.790898000000002,6.280652000000003,0.30612155616077685,0.31207661940212694,0.002238678445377037,0.0,0.0
South Africa,0.0,0.0,0.0,0.0,0.0,0.0,0.0,0.0,0.0,0.0,0.0,0.0,0.0,0.0,0.0,0.0,0.0,0.0,0.0,0.0,0.0,0.0,0.0,0.0,0.0,0.0,0.0,0.0,0.0,0.0,0.0,0.06,0.146,0.231,0.197,0.4868,0.4339,0.47270000000000006,0.4283,0.4094,0.45430000000000004,0.43610000000000004,0.4626,0.4988,0.5024000000000001,0.4579000000000001,0.5293,0.5456,0.7577,2.6211,6.2379,7.920300000000001,10.62646016421853,12.256248669927267,12.62824866992727,0.026552943334984702,0.36907136961483333,0.004501218679243397,0.0,0.0
Eastern Africa,0.0,0.0,0.0,0.0,0.0,0.0,0.126,0.127,0.132,0.136,0.133,0.146,0.149,0.155,0.161,0.167,0.177,0.195,0.189,0.192,0.227,0.617,0.6149999999999999,0.583,0.5740000000000001,0.7130000000000001,0.716,0.7090000000000001,0.6980000000000001,0.5860000000000001,0.73,0.8940930879110345,0.9120930879110344,1.1465019652957533,1.1321861758220688,1.499863157894737,1.5958266315739404,1.4893470000028608,1.8975470000028611,2.1836210000276566,2.1557990000565046,2.3027769999814036,2.225964283020718,2.3556431920726935,2.7370011070854487,3.069517928912833,3.1474654018922608,3.488187925675527,3.991347406333563,5.389494135221133,7.393508656051569,7.61227359460793,7.832364339640145,8.675612024409252,16.504456874903155,0.8953826742154845,0.13240567693957628,0.0058828560885877046,0.0,0.0
Middle Africa,0.0,0.0,0.0,0.0,0.0,0.0,0.0,0.0,0.0,0.0,0.0,0.0,0.0,0.0,0.0,0.0,0.0,0.0,0.0,0.0,0.0,0.0,0.0,0.0,0.0,0.003,0.008,0.008,0.008,0.009000000000000001,0.009000000000000001,0.007,0.007,0.007,0.007,0.007,0.007048000000417233,0.0074049999862909315,0.00758700000345707,0.007833999982476234,0.009256000018119813,0.6516370000153779,0.08848700011074542,0.09280299988687038,0.08928799998462202,0.08051900043494627,0.08659400001079962,0.09306300004602225,0.1015460000089407,0.11038900003159048,0.04569899983334541,0.06151599946177006,0.06801599942517282,0.09087131399932503,0.09089403400841355,-0.003437911364457258,-0.008096424297206584,3.239831067666266e-05,0.0,0.0
Western Africa,0.0,0.0,0.0,0.0,0.0,0.0,0.038,0.038,0.038,0.039,0.039,0.039,0.04,0.04,0.04,0.04,0.041,0.041,0.041,0.042,0.042,0.042,0.043000000000000003,0.043000000000000003,0.043000000000000003,0.04973134326934814,0.064,0.075,0.087,0.1024,0.1203,0.1341,0.1352,0.1406,0.14579999999999999,0.1653410000026226,0.17481799999915065,0.18550199998134376,0.17547499999904634,0.27202199989242476,0.2856829999943301,0.2954339997646585,0.2933199997971654,0.28797899994224313,0.2546340000788569,0.28395899997160584,0.31271999989864974,0.3631079996894598,0.44414899929606916,0.4694903694457961,0.6471989014133115,0.7305955019437081,0.9382409727450244,1.3276783109291581,1.3428170421152674,0.007673354693193968,0.158126984129616,0.00047863431507881604,0.0,0.0
Other Northern Africa,0.0,0.0,0.0,0.0,0.0,0.0,0.0,0.0,0.0,0.0,0.0,0.0,0.0,0.0,0.0,0.0,0.0,0.0,0.0,0.0,0.0,0.0,0.0,0.0,0.0,0.0,0.0,0.0,0.0,0.0,0.0,0.0,0.0,0.0,0.0,0.0247,0.0259,0.0326,0.040618,0.047813,0.047608,0.042402999999999996,0.04829800000000001,0.045592999999999995,0.104588,0.147004875,0.12042175,0.21203596575342468,0.37933475,0.53923475,0.49593475000000004,0.5525759657534247,0.56883175,0.57322175,0.6559045827641189,0.1400234790467405,0.28034032981915824,0.0002337909267474223,0.0,0.0
Other Southern Africa,0.0,0.0,0.0,0.0,0.0,0.0,0.0,0.0,0.0,0.0,0.0,0.0,0.0,0.0,0.0,0.0,0.0,0.0,0.0,0.0,0.0,0.0,0.0,0.0,0.0,0.0,0.0,0.03225000008865499,0.12470000004380598,0.12900000004172,0.16770000002294602,0.17200000002086,0.19554732030077276,0.19704732030077277,0.22193862314558624,0.12980000000000003,0.1446,0.1554,0.1472,0.1561,0.1594,0.15080000000000005,0.15510000000000002,0.14830000000000002,0.13210000000000002,0.1863,0.27359999999999995,0.3056,0.3032020000100135,0.25986717580982255,0.26109590540128935,0.27867719634489896,0.29400816077146225,0.3296175355434444,0.47361753554344443,0.43157220233764804,0.07663846620657444,0.00016881644902053182,0.0,0.0
Total Africa,0.0,0.0,0.0,0.0,0.0,0.0,0.164,0.165,0.17,0.17500000000000002,0.17200000000000001,0.185,0.189,0.195,0.201,0.20700000000000002,0.218,0.23600000000000002,0.23,0.234,0.269,0.659,0.6579999999999999,0.626,0.6170000000000001,0.7657313432693482,0.788,0.8242500000886551,0.9177000000438061,0.8264000000417201,1.027000000022946,1.2671930879318947,1.3958404082118074,1.722149285596526,1.715924798967655,2.458204157897359,2.7677926315735077,2.7504550100715055,3.186628010106375,3.780841515054073,3.8295581212810763,4.668512615923057,4.216406656666003,4.658732333315948,5.2506060566438775,6.327545248763831,6.919914851296659,7.602823228095388,8.8229003677698,12.542153208286125,19.619982667244965,23.45197034320929,27.013242598921543,32.19755164521249,45.07027760794855,0.3946433995945646,0.20597550151362265,0.01606487017718442,0.0,0.0
Australia,0.296,0.28400000000000003,0.29,0.28200000000000003,0.281,0.261,0.263,0.28,0.338,0.429,0.489,0.484,0.429,0.405,0.418,0.385,0.404,0.516,0.431,0.441,0.456,0.46,0.47000000000000003,0.731,0.81,0.7595000000000001,0.72495,0.6821,0.6866000000000001,0.7193999999999999,0.85365,0.9791,1.03515,1.1346,1.2170999999999998,1.0702500000000001,1.13865,1.85865,2.4590500000000004,3.6832000000000003,5.2541,6.1921,7.24085,7.293749999999999,7.514792030082167,8.404198279820896,11.050496570098801,13.234850000000002,16.43805,18.275362,21.723011757345496,24.15442880060962,25.68327285517678,32.245100046416745,41.05111558893802,0.26840231576005125,0.1532786761512066,0.014632278245576539,0.0,0.0
Bangladesh,0.0,0.0,0.0,0.0,0.0,0.0,0.0,0.0,0.0,0.0,0.0,0.0,0.0,0.0,0.0,0.0,0.0,0.0,0.0,0.0,0.0,0.0,0.0,0.0,0.0,0.0,0.0,0.0,0.0,0.0,0.0,0.0,0.0,0.0,0.0,0.0,0.0,0.0001,0.0009000000000000001,0.0019,0.0034,0.007,0.010600000000000002,0.018099999999999998,0.031200000000000002,0.0514,0.0665,0.1,0.13963699999999998,0.178043,0.210551,0.225456,0.287131,0.3106306161699183,0.4334566413029373,0.3902637355305003,0.32080755643527303,0.0001545014816758533,0.0,0.0
China,0.0,0.0,0.0,0.0,0.0,0.0,0.0,0.0,0.0,0.0,0.0,0.0,0.0,0.0,0.0,0.0,0.0,0.0,0.0,0.0,0.0,0.0,0.0,0.0,0.0,0.06802020202020202,0.0750909090909091,0.24731313131313132,0.33312121212121215,0.8488383838383838,3.637161616161616,1.6359393939393938,2.930979797979798,2.8495555555555554,3.0107373737373737,3.1488989898989894,3.304191919191919,3.4313737373737374,3.596969696969697,3.8817777777777778,7.352060606060606,10.939818181818183,15.45629292929293,28.118000000000002,48.7533178332,75.00085,104.34200000000001,136.7774164,183.77101969999998,229.54307999999997,279.1423,369.523217,501.99748421052635,636.4238,732.3296823529413,0.14645236855332033,0.35787306961010334,0.2610319238820016,0.0,0.0
China Hong Kong SAR,0.0,0.0,0.0,0.0,0.0,0.0,0.0,0.0,0.0,0.0,0.0,0.0,0.0,0.0,0.0,0.0,0.0,0.0,0.0,0.0,0.0,0.0,0.0,0.0,0.0,0.0,0.0,0.0,0.0,0.0,0.0,0.0,0.0,0.0,0.0,0.0,0.0,0.0,0.0,0.0,0.0,0.0006940000000000001,0.000865,0.0008070000000000001,0.001099,0.093391,0.07955899999999999,0.09090699999999999,0.093948,0.10500200000000001,0.10284100000000002,0.102471,0.109568,0.10062845147073389,0.11147048409166904,0.10365894820659038,0.610525857877579,3.9732589869931226e-05,0.0,0.0
India,0.0,0.0,0.0,0.0,0.0,0.0,0.0,0.0,0.0,0.0,0.0,0.0,0.0,0.0,0.0,0.0,0.0,0.0,0.0,0.0,0.0,0.0,0.0,0.0,0.0,0.06788936663936662,0.2079813213213213,0.20786189189189186,0.3468195495495494,0.5715652852852853,1.0612751460551462,1.6405892547092544,1.9757272727272726,2.3775883838383836,3.1381394348894345,3.2751495358995357,4.165261036036036,4.238031988806989,5.333181180726181,8.557974956319956,10.04431822959323,14.9315,19.1448,23.743199999999998,27.988,33.8644,41.9163,49.467600000000004,55.918400000000005,63.0399,65.12576,79.8256557331189,99.17760011367298,122.83783729620998,134.9327894709131,0.09441271037518173,0.1715538825877838,0.04809550463282007,0.0,0.0
Indonesia,0.0,0.0,0.0,0.0,0.0,0.0,0.0,0.0,0.0,0.0,0.0,0.0,0.0,0.0,0.0,0.0,0.0,0.0,0.0,0.0,0.0,0.0,0.0,0.0,0.0,1.12742,1.05146,1.08574,1.09197,1.6039100000000002,2.21253,2.34287,2.72838,3.2865,3.94073,4.8724,6.0346,6.2433,6.3019,6.6656,6.615,6.674,7.03902,8.336965,9.330314999999999,9.40845,9.485349999999999,9.558335,9.51135,10.165895,10.296625,10.977744999999997,13.0881,14.57687,15.953712384473999,0.09041864482796469,0.051111062321965495,0.0056865484728124745,0.0,0.0
Japan,0.0,0.0,0.0,0.0,0.0,0.242704,0.235611,0.248591,0.253998,0.307547,0.37850700000000004,0.367553,0.533774,0.827644,1.099732,1.0914400000000002,1.136527,9.870767,11.030233,12.119022999999999,12.699479,13.803359,14.792468000000001,15.986553,17.046979,11.341126,11.651857,11.860617,11.582831595959597,13.502493595959596,14.335605595959596,15.304106191919193,16.53488944185001,16.322945957070708,16.741198636363638,16.564143719178084,16.78047921917808,18.04693,19.66242,20.765078123287672,25.226088373287674,25.658630000000002,27.2504675,26.831971256849314,26.798565805849314,29.734190813,31.003385,34.22930126369863,41.21865205139863,52.18981861425,68.248153218505,68.05549989367358,81.85216972886764,96.773670579479,121.16168391281234,0.2473946521134931,0.13003902031090964,0.043186925526394165,0.0,0.0
Malaysia,0.0,0.0,0.0,0.0,0.0,0.0,0.0,0.0,0.0,0.0,0.0,0.0,0.0,0.0,0.0,0.0,0.0,0.0,0.0,0.0,0.0,0.0,0.0,0.0,0.0,0.0,0.0,0.0,0.0,0.0,0.0,0.0,0.0,0.0,0.0,0.570903,0.5740940000000001,0.40440000000000004,0.4165,0.57636,0.5925,0.6239640000000001,0.7597729999999999,0.7967609999999999,1.393368,1.2629545,1.5375348999999998,1.5086624000000002,1.2445899999999999,0.92,1.024,1.07,1.095,1.302122254200675,1.6834539645890632,0.28808722963768596,0.04403569185729972,0.0006000510941077538,0.0,0.0
New Zealand,1.348,1.359,1.1340000000000001,1.295,1.327,1.2730000000000001,1.256,1.2570000000000001,1.243,1.7597221052631578,1.7868273684210525,1.7355115789473685,1.6586694736842107,1.6818273684210525,1.5582484210526317,1.652143157894737,1.6192484210526317,1.6489852631578947,1.6670484210526315,1.819095789473684,1.6908726315789475,1.7636989473684208,1.7585647368421053,1.7679473684210527,2.260915789473684,2.6085368421052633,2.7851684210526315,2.761796172248804,2.8841963849016476,2.7376416799574694,2.682640101010101,2.6338233152578416,2.730977766081872,3.1075268548644344,3.348058192450824,3.599582817650186,3.443945773524721,3.3313552052737903,3.2556461376060204,3.575565411085753,4.243119452248804,4.511126795938331,5.015843036990963,5.791612569039817,6.898825613637825,8.058986035306486,8.635637828745349,8.83786717539625,9.016835158267778,10.078444672435676,10.82483206698086,10.825622746024509,10.606753951462242,10.519980016595035,10.808778379944073,0.023664137284012732,0.05512646882652317,0.0038526858644672753,0.0,0.0
Pakistan,0.0,0.0,0.0,0.0,0.0,0.0,0.0,0.0,0.0,0.0,0.0,0.0,0.0,0.0,0.0,0.0,0.0,0.0,0.0,0.0,0.0,0.0,0.0,0.0,0.0,0.0,0.0,0.0,0.0,0.0,0.0,0.0,0.0,0.0,0.0,0.9267000000000001,0.8721,0.9608,1.0411,1.0764,0.0,0.0,0.000202,0.0015840000000000001,0.005328,0.013427999999999999,0.02683,0.065815,0.541735,1.039952,1.7096680000000002,2.840158,3.978277,5.155603846820881,6.883533165473226,0.33023282808322607,1.2316979410192208,0.0024535696812341885,0.0,0.0
Philippines,0.0,0.0,0.0,0.0,0.0,0.0,0.0,0.0,0.0,0.0,0.0,0.0,0.001,0.003,0.6369400000000001,2.04485,3.9121900000000003,3.90786,4.9349799999999995,5.35846,5.9421800000000005,5.5733,4.89597,5.22291,5.7016599999999995,5.89576,5.758,5.7,5.667,6.32,6.135,6.534,7.237,8.914,10.594,11.626,10.442,10.242493000000001,9.822443999999999,10.281550000000001,9.921429,10.519890000000002,10.273839,10.78547,10.403236999999999,10.019393,10.14702,10.509468,9.88364,10.672380999999998,12.298098000000001,13.868544000000002,13.577935,13.942166853193845,14.277980146468462,0.020310342748838695,0.01984012877878527,0.005089249714427769,0.0,0.0
Singapore,0.0,0.0,0.0,0.0,0.0,0.0,0.0,0.0,0.0,0.0,0.0,0.0,0.0,0.0,0.0,0.0,0.0,0.0,0.0,0.0,0.0,0.085,0.085,0.085,0.085,0.085,0.245,0.245,0.245,0.245,0.245,0.245,0.245,0.245,0.245,0.245,0.47300000000000003,0.47300000000000003,0.495,0.47900000000000004,0.47765875,0.47376480000000004,0.49360919999999997,0.5211644625,0.5286781100000001,0.590244215,0.6100797349999999,0.64390647,0.7182702498013512,0.7685834814969509,0.861019910369475,0.8900152220212169,0.89765800717436,0.8978391172895941,0.9511074080639957,0.05542367663042147,0.04955535653210896,0.0003390131555881919,0.0,0.0
South Korea,0.0,0.0,0.0,0.0,0.0,0.0,0.0,0.0,0.0,0.0,0.0,0.0,0.0,0.0,0.0,0.0,0.0,0.0,0.0,0.0,0.0,0.0,0.0,0.0,0.0,0.001,0.001,0.002,0.003,0.003,0.252,0.406,0.082,0.064,0.09741100000000001,0.100969,0.106774,0.200925,0.220617,0.3501832183309999,0.404100728954,0.511223188952,0.887789144740938,1.5222932748917948,2.5606778515867035,3.259595869250755,3.727120781744695,4.177284675883456,5.725682757589745,7.653269075791581,10.985105332864508,13.990790630622909,19.02775219339118,23.920171090039226,29.235462860550687,0.21770330170746277,0.3092107776849373,0.010420701632017772,0.0,0.0
Sri Lanka,0.0,0.0,0.0,0.0,0.0,0.0,0.0,0.0,0.0,0.0,0.0,0.0,0.0,0.0,0.0,0.0,0.0,0.0,0.0,0.0,0.0,0.0,0.0,0.0,0.0,0.0,0.0,0.0,0.0,0.0,0.0,0.0,0.0,0.0,0.0035,0.003832,0.0044030960000000004,0.00510685856,0.0058097385599999996,0.00636481856,0.00930108256,0.00947252656,0.009382206559999998,0.01533687856,0.033299251360000004,0.09286692335999999,0.13196059536,0.17898856656,0.27535386656,0.34193076656,0.44924,0.4998,0.65842,0.7694098035883674,0.8264309110221952,0.07014993211758536,0.4703646406660329,0.00029457340847712876,0.0,0.0
Taiwan,0.0,0.0,0.0,0.0,0.0,0.0,0.0,0.0,0.0,0.0,0.0,0.0,0.0,0.0,0.0,0.0,0.0,0.00828249,0.004545145,0.00350599,0.00295588,0.0045321,0.0028272,0.00310436,0.31721424000000004,0.3461438,0.394528202,0.42111909,0.36348286,0.38535519,0.516788615,0.595200458,0.5202695220000001,0.6172268445,0.753077587,1.0596316495,1.377400612,1.7419427865,1.8133505975000002,1.873353411,1.9406896450000004,2.126709892,2.3239905155000002,2.4086523150000003,2.5425325345000003,2.8848622090000005,3.3971473955,3.420915336,3.8190659524999995,3.9641528190000006,4.33905065586,4.493028917,5.272252462,6.38218814991,7.998164277500001,0.2485803850507997,0.09572740897767074,0.002850869299974564,0.0,0.0
Thailand,0.0,0.0,0.0,0.0,0.0,0.0,0.0,0.0,0.0,0.0,0.0,0.0,0.0,0.0,0.0,0.0,0.0,0.0,0.0,0.0,0.0,0.0,0.00492,0.03019,0.021570000000000002,0.025008999999999993,0.029667,0.020860999999999998,0.029429,0.050763539999999996,0.14274905999999998,0.20712081,0.27350026500000013,0.30951109499999985,0.4474332869999996,0.5268974909999998,0.6210878389999994,0.7524021670000002,1.231493312,1.841917894999999,1.856268038999999,2.0261888949999993,2.458623853999999,2.1790482329999987,2.2976980259999995,3.42785749,4.078487259,5.212055944999999,7.23516048872,9.046938142530001,10.042832322340002,12.538594341520003,14.945569923000004,17.801806928,21.40367096700001,0.19789836105043013,0.2263168647426561,0.007629134179980867,0.0,0.0
Vietnam,0.0,0.0,0.0,0.0,0.0,0.0,0.0,0.0,0.0,0.0,0.0,0.0,0.0,0.0,0.0,0.0,0.0,0.0,0.0,0.0,0.0,0.0,0.0,0.0,0.0,0.0,0.0,0.0,0.0,0.0,0.0,0.0,0.0,0.0,0.0,0.0,0.0,0.0,0.0,0.0,0.05,0.065,0.079,0.0567,0.0736,0.101596,0.102596,0.10359600000000001,0.132796,0.134569,0.253369,0.284469,0.35411699999999996,0.5001803262769364,4.748161516365413,8.457898945918771,0.23576909886839692,0.0016924368428398828,0.0,0.0
Other Asia Pacific,0.0,0.0,0.0,0.0,0.0,0.0,0.0,0.0,0.0,0.0,0.0,0.0,0.0,0.0,0.0,0.0,0.0,0.0,0.0,0.0010526315789473684,0.0,0.0,0.0,0.0,0.0,0.045,0.045,0.02,0.02,0.02,0.02,0.021640218,0.004919092,0.005866207000000001,0.005825067000000001,0.010138048980181459,0.03218286830946771,0.03944841576378001,0.04561225506498677,0.05978162781337282,0.07386559245027612,0.08986608073959818,0.09656940017972619,0.10611700700985287,0.13276636332211497,0.15126231619000124,0.1738202152524856,0.2436332775649634,0.31380979160086264,0.4410653851474172,0.584718704623252,0.7123105730110267,0.8806866944662686,1.0783814861381171,1.4136758982847397,0.3060903532201549,0.2533769962431489,0.0005038912778862871,0.0,0.0
Total Asia Pacific,1.6440000000000001,1.643,1.4240000000000002,1.577,1.608,1.7767040000000003,1.7546110000000001,1.7855910000000002,1.8349980000000001,2.4962691052631576,2.6543343684210523,2.5870645789473685,2.6224434736842106,2.9174713684210527,3.712920421052632,5.1734331578947375,7.071965421052632,15.951894753157896,18.06780656605263,19.74213741105263,20.79148751157895,21.689890047368422,22.009749936842105,23.826704728421053,26.243339029473685,22.370405210764837,22.969702853464863,23.254408285453827,23.253450602532006,27.00796767504073,32.09440013418646,32.54538964182568,36.298793157638954,39.23432089782908,43.54221057844128,47.60049625210698,49.37017036324022,51.970259159278285,55.70199391842688,63.67600723917553,74.06389949915462,85.36094836100813,98.54151678726456,118.5275329968508,147.28730041953813,186.41992665092815,230.5118252807014,278.3606025101032,345.99799601643844,418.5583869572114,498.2211759688885,614.8778068576015,793.4897481397381,985.5383868617992,1146.2043303307353,0.15873544317797372,0.22848089410304184,0.4085535909821522,0.0,0.0
Total World,17.985232095652645,19.806006895272862,19.986570742648038,22.120045096175943,23.25796437653718,25.693195986508584,27.879168463283957,29.877100819719836,32.084923820256606,33.95881358251306,34.48367862763181,38.46095586934621,40.562557227460154,42.97047784081863,46.175328818744866,49.39586384962012,53.165042483501175,61.38905690610955,68.05372783193296,76.06028496334238,77.86819955311299,85.73314830023067,91.84883434264798,94.62250339109286,107.26028906361661,120.98117020241398,126.57488385002814,136.14364097139793,141.53602403769764,148.132618854366,155.26439957558077,160.4754379398289,174.06114304345652,185.51515808335995,199.52572924950093,218.59630636946312,231.67582136248328,260.45676994687335,283.1007994671049,323.37592732415516,362.840329448391,410.2743971816413,473.28504133634425,548.7966403433794,636.6719028186119,760.0966257219703,904.4762258532973,1062.4214456013613,1238.8778130199594,1405.2393911554734,1626.6829616294804,1839.877372472532,2170.811164319036,2467.957461561299,2805.517698609111,0.13258585711525983,0.15524899436805173,1.0,0.0,0.0
of which: OECD,17.985232095652645,19.80600689527286,19.98657074264804,22.120045096175943,23.25796437653718,25.13096349525494,25.636908599581332,27.6381774802924,29.700081010854277,31.45159411108449,31.498578411122377,34.99641535280102,36.778856657143436,38.78939710373072,41.058975655352015,42.85614875601798,44.27340184534328,51.86742221251386,56.751327689721904,64.49808939929369,65.78962647023504,73.44055485555587,79.76874700461478,82.34443718964745,93.89443857721055,105.14471023732376,110.57314269290852,118.34977434670618,123.90139256711534,128.13798455362445,131.00873818304692,135.02575691556157,144.9349832459475,153.55283401398304,162.00332469980017,175.94474381022567,185.70563808737373,211.98334651423983,230.59420031557912,264.17568209196367,298.3063512423376,332.8630307222744,381.8606215208173,434.45844072569645,490.75507296693127,566.9150887540892,667.4449596906074,771.4644249907149,878.2066171093106,965.9228639537447,1103.0287294790878,1183.505825617378,1335.4287764552255,1442.3678951469274,1616.765202738823,0.11677760784817792,0.12071647775037841,0.5762805216093866,0.0,0.0
                 Non-OECD,0.0,0.0,0.0,0.0,0.0,0.5622324912536445,2.2422598637026234,2.2389233394274375,2.384842809402332,2.507219471428572,2.985100216509434,3.46454051654519,3.7837005703167117,4.181080737087912,5.116353163392858,6.539715093602146,8.891640638157897,9.521634693595683,11.302400142211049,11.562195564048688,12.078573082877947,12.292593444674766,12.080087338033188,12.278066201445375,13.365850486406062,15.836459965090231,16.001741157119636,17.79386662469175,17.634631470582285,19.994634300741545,24.2556613925339,25.449681024267313,29.126159797509025,31.962324069376926,37.52240454970074,42.651562559237455,45.970183275109484,48.473423432633595,52.506599151525656,59.20024523219142,64.53397820605349,77.41136645936717,91.424419815527,114.3381996176831,145.9168298516806,193.18153696788144,237.03126616268963,290.9570206106466,360.67119591064977,439.31652720172826,523.6542321503925,656.3715468551552,835.3823878638125,1025.5895664143725,1188.7524958702863,0.15481825101629654,0.23783056145707482,0.4237194783906132,0.0,0.0
